ticker,entry_date,exit_date,days_held,entry_price,exit_price,return_pct,pnl,exit_reason
AMZN,2024-03-13,2024-04-05,23,176.56,185.39,5.0,5000.0,profit_target
BAC,2024-03-13,2024-03-15,2,34.44,33.75,-2.0,-2000.0,stop_loss
CAT,2024-03-13,2024-03-21,8,331.26,347.82,5.0,5000.0,profit_target
CRM,2024-03-13,2024-03-15,2,299.89,293.89,-2.0,-2000.0,stop_loss
GS,2024-03-13,2024-03-18,5,376.05,368.53,-2.0,-2000.0,stop_loss
HD,2024-03-13,2024-03-18,5,360.68,353.46,-2.0,-2000.0,stop_loss
JPM,2024-03-13,2024-03-14,1,181.59,177.96,-2.0,-2000.0,stop_loss
META,2024-03-13,2024-03-15,2,491.78,481.94,-2.0,-2000.0,stop_loss
MSFT,2024-03-13,2024-04-15,33,407.94,406.51,-0.35,-351.72,below_ma50
NFLX,2024-03-13,2024-04-19,37,60.94,59.73,-2.0,-2000.0,stop_loss
NOW,2024-03-13,2024-03-15,2,155.38,152.27,-2.0,-2000.0,stop_loss
NVDA,2024-03-13,2024-03-14,1,90.84,89.02,-2.0,-2000.0,stop_loss
ORCL,2024-03-13,2024-03-21,8,122.51,128.63,5.0,5000.0,profit_target
V,2024-03-13,2024-03-26,13,280.34,274.74,-2.0,-2000.0,stop_loss
WMT,2024-03-13,2024-04-02,20,59.74,58.55,-2.0,-2000.0,stop_loss
XOM,2024-03-13,2024-03-25,12,101.74,106.83,5.0,5000.0,profit_target
CVX,2024-03-14,2024-04-11,28,141.52,148.6,5.0,5000.0,profit_target
JPM,2024-03-15,2024-03-22,7,180.57,189.6,5.0,5000.0,profit_target
NVDA,2024-03-15,2024-03-18,3,87.79,92.18,5.0,5000.0,profit_target
BAC,2024-03-18,2024-03-27,9,34.37,36.09,5.0,5000.0,profit_target
CRM,2024-03-18,2024-04-04,17,295.79,289.87,-2.0,-2000.0,stop_loss
GOOGL,2024-03-18,2024-04-01,14,146.38,153.7,5.0,5000.0,profit_target
META,2024-03-18,2024-03-19,1,493.18,483.31,-2.0,-2000.0,stop_loss
PEP,2024-03-18,2024-04-10,23,159.36,156.18,-2.0,-2000.0,stop_loss
HD,2024-03-19,2024-04-01,13,361.08,353.86,-2.0,-2000.0,stop_loss
LLY,2024-03-19,2024-03-20,1,760.84,745.62,-2.0,-2000.0,stop_loss
NVDA,2024-03-19,2024-03-22,3,89.35,93.81,5.0,5000.0,profit_target
GS,2024-03-20,2024-03-22,2,380.04,399.04,5.0,5000.0,profit_target
META,2024-03-20,2024-03-26,6,501.65,491.62,-2.0,-2000.0,stop_loss
CAT,2024-03-22,2024-04-03,12,347.35,364.71,5.0,5000.0,profit_target
ORCL,2024-03-22,2024-03-27,5,124.72,122.23,-2.0,-2000.0,stop_loss
AVGO,2024-03-25,2024-03-27,2,132.24,129.6,-2.0,-2000.0,stop_loss
GS,2024-03-25,2024-04-11,17,388.16,380.4,-2.0,-2000.0,stop_loss
JPM,2024-03-25,2024-04-12,18,184.86,181.16,-2.0,-2000.0,stop_loss
NOW,2024-03-25,2024-03-27,2,154.93,151.83,-2.0,-2000.0,stop_loss
NVDA,2024-03-25,2024-03-26,1,94.95,93.05,-2.0,-2000.0,stop_loss
XOM,2024-03-26,2024-04-02,7,105.7,110.99,5.0,5000.0,profit_target
V,2024-03-27,2024-04-01,5,274.33,273.6,-0.27,-265.21,below_ma50
AVGO,2024-03-28,2024-04-04,7,129.68,136.17,5.0,5000.0,profit_target
BAC,2024-03-28,2024-04-02,5,36.19,35.47,-2.0,-2000.0,stop_loss
COST,2024-03-28,2024-04-01,4,723.62,712.37,-1.55,-1554.67,below_ma50
LLY,2024-03-28,2024-04-01,4,765.94,750.62,-2.0,-2000.0,stop_loss
NVDA,2024-03-28,2024-04-02,5,90.31,88.5,-2.0,-2000.0,stop_loss
ORCL,2024-03-28,2024-04-09,12,122.59,120.14,-2.0,-2000.0,stop_loss
META,2024-04-01,2024-04-04,3,487.59,511.97,5.0,5000.0,profit_target
GOOGL,2024-04-02,2024-04-04,2,153.2,150.14,-2.0,-2000.0,stop_loss
LLY,2024-04-02,2024-04-10,8,752.16,737.11,-2.0,-2000.0,stop_loss
BAC,2024-04-03,2024-04-10,7,35.73,35.02,-2.0,-2000.0,stop_loss
XOM,2024-04-03,2024-04-26,23,110.82,108.6,-2.0,-2000.0,stop_loss
CAT,2024-04-04,2024-04-15,11,358.68,351.5,-2.0,-2000.0,stop_loss
AVGO,2024-04-05,2024-04-09,4,131.05,128.43,-2.0,-2000.0,stop_loss
CRM,2024-04-05,2024-04-12,7,297.16,291.22,-2.0,-2000.0,stop_loss
GOOGL,2024-04-05,2024-04-12,7,151.16,158.72,5.0,5000.0,profit_target
META,2024-04-05,2024-04-09,4,523.3,512.84,-2.0,-2000.0,stop_loss
NOW,2024-04-05,2024-04-10,5,156.7,153.57,-2.0,-2000.0,stop_loss
NVDA,2024-04-05,2024-04-09,4,87.96,86.2,-2.0,-2000.0,stop_loss
AMZN,2024-04-08,2024-04-17,9,185.19,181.49,-2.0,-2000.0,stop_loss
AVGO,2024-04-10,2024-04-11,1,129.39,135.85,5.0,5000.0,profit_target
META,2024-04-10,2024-04-12,2,515.85,505.53,-2.0,-2000.0,stop_loss
CVX,2024-04-12,2024-04-16,4,144.48,141.59,-2.0,-2000.0,stop_loss
AAPL,2024-05-03,2024-05-21,18,181.56,190.64,5.0,5000.0,profit_target
AMZN,2024-05-03,2024-05-21,18,186.21,182.49,-2.0,-2000.0,stop_loss
BAC,2024-05-03,2024-05-15,12,35.55,37.33,5.0,5000.0,profit_target
COST,2024-05-03,2024-05-10,7,735.93,772.73,5.0,5000.0,profit_target
CVX,2024-05-03,2024-05-22,19,145.66,144.67,-0.68,-679.49,below_ma50
GOOGL,2024-05-03,2024-05-17,14,165.77,174.06,5.0,5000.0,profit_target
GS,2024-05-03,2024-05-14,11,420.02,441.02,5.0,5000.0,profit_target
JPM,2024-05-03,2024-05-14,11,181.82,190.91,5.0,5000.0,profit_target
NVDA,2024-05-03,2024-05-15,12,88.74,93.18,5.0,5000.0,profit_target
PEP,2024-05-03,2024-05-28,25,163.91,160.64,-2.0,-2000.0,stop_loss
TSLA,2024-05-03,2024-05-07,4,181.19,177.57,-2.0,-2000.0,stop_loss
UNH,2024-05-03,2024-05-15,12,468.73,492.17,5.0,5000.0,profit_target
LLY,2024-05-06,2024-05-10,4,754.83,748.26,-0.87,-871.31,below_ma50
WMT,2024-05-07,2024-05-14,7,59.3,58.76,-0.91,-911.92,below_ma50
AVGO,2024-05-08,2024-05-09,1,129.68,127.75,-1.49,-1486.35,below_ma50
TSLA,2024-05-08,2024-05-09,1,174.72,171.97,-1.57,-1573.95,below_ma50
NFLX,2024-05-09,2024-05-20,11,61.21,64.27,5.0,5000.0,profit_target
V,2024-05-09,2024-05-21,12,273.86,271.81,-0.75,-746.47,below_ma50
AVGO,2024-05-10,2024-05-15,5,130.41,136.93,5.0,5000.0,profit_target
MSFT,2024-05-10,2024-05-30,20,407.59,408.25,0.16,163.47,below_ma50
COST,2024-05-13,2024-05-24,11,766.85,805.19,5.0,5000.0,profit_target
TSLA,2024-05-13,2024-05-21,8,171.89,180.48,5.0,5000.0,profit_target
LLY,2024-05-14,2024-05-21,7,752.17,789.78,5.0,5000.0,profit_target
ORCL,2024-05-14,2024-05-30,16,118.35,115.98,-2.0,-2000.0,stop_loss
CAT,2024-05-15,2024-05-16,1,350.49,343.48,-2.0,-2000.0,stop_loss
GS,2024-05-15,2024-05-29,14,446.77,437.84,-2.0,-2000.0,stop_loss
JPM,2024-05-15,2024-05-20,5,192.89,189.03,-2.0,-2000.0,stop_loss
NOW,2024-05-15,2024-05-24,9,152.11,149.07,-2.0,-2000.0,stop_loss
AVGO,2024-05-16,2024-05-17,1,138.17,135.4,-2.0,-2000.0,stop_loss
BAC,2024-05-16,2024-05-30,14,37.43,36.68,-2.0,-2000.0,stop_loss
NVDA,2024-05-16,2024-05-17,1,94.31,92.42,-2.0,-2000.0,stop_loss
UNH,2024-05-16,2024-05-24,8,496.16,486.24,-2.0,-2000.0,stop_loss
WMT,2024-05-16,2024-06-06,21,62.83,65.98,5.0,5000.0,profit_target
XOM,2024-05-16,2024-05-22,6,110.38,108.17,-2.0,-2000.0,stop_loss
CAT,2024-05-17,2024-05-23,6,346.82,339.89,-2.0,-2000.0,stop_loss
AVGO,2024-05-20,2024-05-22,2,138.35,135.59,-2.0,-2000.0,stop_loss
GOOGL,2024-05-20,2024-05-23,3,175.36,171.86,-2.0,-2000.0,stop_loss
NVDA,2024-05-20,2024-05-23,3,94.73,99.46,5.0,5000.0,profit_target
JPM,2024-05-21,2024-06-06,16,190.42,186.61,-2.0,-2000.0,stop_loss
NFLX,2024-05-21,2024-05-23,2,65.06,63.76,-2.0,-2000.0,stop_loss
AAPL,2024-05-22,2024-05-23,1,189.26,185.48,-2.0,-2000.0,stop_loss
LLY,2024-05-22,2024-06-06,15,791.85,831.44,5.0,5000.0,profit_target
TSLA,2024-05-22,2024-05-23,1,180.11,176.51,-2.0,-2000.0,stop_loss
AVGO,2024-05-23,2024-05-30,7,136.32,133.6,-2.0,-2000.0,stop_loss
AAPL,2024-05-24,2024-06-11,18,188.35,197.77,5.0,5000.0,profit_target
GOOGL,2024-05-24,2024-05-31,7,173.45,169.98,-2.0,-2000.0,stop_loss
NFLX,2024-05-24,2024-05-31,7,64.68,63.38,-2.0,-2000.0,stop_loss
NVDA,2024-05-24,2024-05-28,4,106.41,111.73,5.0,5000.0,profit_target
COST,2024-05-28,2024-05-31,3,804.46,788.37,-2.0,-2000.0,stop_loss
UNH,2024-05-28,2024-05-29,1,479.42,469.83,-2.0,-2000.0,stop_loss
NVDA,2024-05-29,2024-05-30,1,114.76,112.47,-2.0,-2000.0,stop_loss
TSLA,2024-05-29,2024-06-05,7,176.19,172.67,-2.0,-2000.0,stop_loss
BAC,2024-05-31,2024-06-11,11,38.17,37.4,-2.0,-2000.0,stop_loss
GS,2024-05-31,2024-06-11,11,440.25,431.44,-2.0,-2000.0,stop_loss
NVDA,2024-05-31,2024-06-04,4,109.57,115.05,5.0,5000.0,profit_target
XOM,2024-05-31,2024-06-03,3,109.81,107.61,-2.0,-2000.0,stop_loss
COST,2024-06-03,2024-06-14,11,806.66,846.99,5.0,5000.0,profit_target
GOOGL,2024-06-03,2024-06-25,22,171.65,180.23,5.0,5000.0,profit_target
NFLX,2024-06-03,2024-06-14,11,63.38,66.55,5.0,5000.0,profit_target
MSFT,2024-06-04,2024-06-12,8,409.63,430.11,5.0,5000.0,profit_target
META,2024-06-05,2024-06-27,22,491.27,515.83,5.0,5000.0,profit_target
NVDA,2024-06-05,2024-06-06,1,122.37,119.92,-2.0,-2000.0,stop_loss
ORCL,2024-06-05,2024-06-12,7,120.07,126.07,5.0,5000.0,profit_target
AMZN,2024-06-06,2024-06-17,11,185.0,181.3,-2.0,-2000.0,stop_loss
TSLA,2024-06-06,2024-06-10,4,177.94,174.38,-2.0,-2000.0,stop_loss
AVGO,2024-06-07,2024-06-12,5,137.63,144.51,5.0,5000.0,profit_target
LLY,2024-06-07,2024-06-18,11,838.28,880.2,5.0,5000.0,profit_target
NVDA,2024-06-07,2024-06-10,3,120.82,118.4,-2.0,-2000.0,stop_loss
WMT,2024-06-07,2024-07-05,28,64.67,67.9,5.0,5000.0,profit_target
JPM,2024-06-10,2024-06-11,1,190.51,186.7,-2.0,-2000.0,stop_loss
NVDA,2024-06-11,2024-06-13,2,120.85,126.89,5.0,5000.0,profit_target
AAPL,2024-06-12,2024-06-21,9,211.24,207.02,-2.0,-2000.0,stop_loss
HD,2024-06-12,2024-06-25,13,329.79,323.19,-2.0,-2000.0,stop_loss
AVGO,2024-06-13,2024-06-17,4,164.28,172.49,5.0,5000.0,profit_target
BAC,2024-06-13,2024-06-26,13,37.7,36.94,-2.0,-2000.0,stop_loss
MSFT,2024-06-13,2024-07-05,22,434.75,456.48,5.0,5000.0,profit_target
ORCL,2024-06-13,2024-07-15,32,136.93,143.78,5.0,5000.0,profit_target
TSLA,2024-06-13,2024-06-14,1,182.47,178.82,-2.0,-2000.0,stop_loss
NVDA,2024-06-14,2024-06-20,6,131.82,138.41,5.0,5000.0,profit_target
COST,2024-06-17,2024-06-21,4,858.61,841.44,-2.0,-2000.0,stop_loss
NFLX,2024-06-17,2024-06-25,8,67.58,66.23,-2.0,-2000.0,stop_loss
TSLA,2024-06-17,2024-06-18,1,187.44,183.69,-2.0,-2000.0,stop_loss
AVGO,2024-06-18,2024-06-20,2,176.36,172.84,-2.0,-2000.0,stop_loss
GS,2024-06-18,2024-06-27,9,441.13,432.3,-2.0,-2000.0,stop_loss
AMZN,2024-06-20,2024-06-27,7,186.1,195.41,5.0,5000.0,profit_target
LLY,2024-06-20,2024-07-09,19,873.79,917.48,5.0,5000.0,profit_target
NOW,2024-06-20,2024-06-27,7,146.86,154.21,5.0,5000.0,profit_target
TSLA,2024-06-20,2024-06-26,6,181.57,190.65,5.0,5000.0,profit_target
V,2024-06-20,2024-06-25,5,272.67,269.43,-1.19,-1188.51,below_ma50
AVGO,2024-06-21,2024-06-24,3,162.29,159.04,-2.0,-2000.0,stop_loss
NVDA,2024-06-21,2024-06-24,3,126.51,123.98,-2.0,-2000.0,stop_loss
AAPL,2024-06-24,2024-07-02,8,206.35,216.67,5.0,5000.0,profit_target
COST,2024-06-24,2024-07-09,15,839.07,881.03,5.0,5000.0,profit_target
CVX,2024-06-24,2024-06-25,1,146.26,145.48,-0.53,-533.56,below_ma50
AVGO,2024-06-25,2024-07-03,8,155.16,162.92,5.0,5000.0,profit_target
NVDA,2024-06-25,2024-06-26,1,126.03,123.51,-2.0,-2000.0,stop_loss
GOOGL,2024-06-26,2024-07-17,21,182.47,178.82,-2.0,-2000.0,stop_loss
HD,2024-06-26,2024-07-01,5,327.57,322.17,-1.65,-1647.08,below_ma50
JPM,2024-06-26,2024-07-02,6,188.43,197.85,5.0,5000.0,profit_target
NFLX,2024-06-26,2024-07-01,5,67.77,66.41,-2.0,-2000.0,stop_loss
NVDA,2024-06-27,2024-07-01,4,123.93,121.45,-2.0,-2000.0,stop_loss
TSLA,2024-06-27,2024-07-01,4,197.42,207.29,5.0,5000.0,profit_target
AMZN,2024-06-28,2024-07-17,19,193.25,189.38,-2.0,-2000.0,stop_loss
META,2024-06-28,2024-07-01,3,500.86,490.84,-2.0,-2000.0,stop_loss
NOW,2024-06-28,2024-07-01,3,157.33,154.19,-2.0,-2000.0,stop_loss
UNH,2024-06-28,2024-07-01,3,486.79,477.05,-2.0,-2000.0,stop_loss
BAC,2024-07-01,2024-07-15,14,38.42,40.34,5.0,5000.0,profit_target
GS,2024-07-01,2024-07-15,14,447.13,469.49,5.0,5000.0,profit_target
META,2024-07-02,2024-07-05,3,506.1,531.41,5.0,5000.0,profit_target
NFLX,2024-07-02,2024-07-11,9,67.96,66.6,-2.0,-2000.0,stop_loss
NOW,2024-07-02,2024-07-08,6,158.82,155.65,-2.0,-2000.0,stop_loss
NVDA,2024-07-02,2024-07-05,3,122.61,128.74,5.0,5000.0,profit_target
TSLA,2024-07-02,2024-07-03,1,231.26,242.82,5.0,5000.0,profit_target
UNH,2024-07-02,2024-07-03,1,476.25,466.73,-2.0,-2000.0,stop_loss
AAPL,2024-07-03,2024-07-10,7,219.65,230.63,5.0,5000.0,profit_target
CRM,2024-07-03,2024-07-08,5,256.85,253.32,-1.37,-1371.94,below_ma50
JPM,2024-07-03,2024-07-12,9,199.17,195.19,-2.0,-2000.0,stop_loss
AVGO,2024-07-05,2024-07-11,6,167.19,163.84,-2.0,-2000.0,stop_loss
TSLA,2024-07-05,2024-07-08,3,251.52,246.49,-2.0,-2000.0,stop_loss
META,2024-07-08,2024-07-11,3,525.79,515.27,-2.0,-2000.0,stop_loss
MSFT,2024-07-08,2024-07-11,3,459.03,449.85,-2.0,-2000.0,stop_loss
WMT,2024-07-08,2024-08-02,25,68.4,67.03,-2.0,-2000.0,stop_loss
NOW,2024-07-09,2024-07-17,8,148.8,147.21,-1.07,-1067.19,below_ma50
NVDA,2024-07-09,2024-07-11,2,131.32,128.69,-2.0,-2000.0,stop_loss
TSLA,2024-07-09,2024-07-11,2,262.33,257.08,-2.0,-2000.0,stop_loss
COST,2024-07-10,2024-07-11,1,874.84,857.34,-2.0,-2000.0,stop_loss
LLY,2024-07-10,2024-07-11,1,926.84,908.3,-2.0,-2000.0,stop_loss
UNH,2024-07-10,2024-07-15,5,478.82,502.76,5.0,5000.0,profit_target
AAPL,2024-07-11,2024-07-18,7,225.62,221.1,-2.0,-2000.0,stop_loss
HD,2024-07-11,2024-07-17,6,339.04,355.99,5.0,5000.0,profit_target
AVGO,2024-07-12,2024-07-16,4,166.93,163.59,-2.0,-2000.0,stop_loss
LLY,2024-07-12,2024-07-17,5,935.34,916.63,-2.0,-2000.0,stop_loss
META,2024-07-12,2024-07-16,4,495.54,485.63,-2.0,-2000.0,stop_loss
MSFT,2024-07-12,2024-07-17,5,446.53,437.6,-2.0,-2000.0,stop_loss
NVDA,2024-07-12,2024-07-16,4,129.18,126.59,-2.0,-2000.0,stop_loss
TSLA,2024-07-12,2024-07-15,3,248.23,260.64,5.0,5000.0,profit_target
CAT,2024-07-15,2024-07-18,3,336.6,353.43,5.0,5000.0,profit_target
COST,2024-07-15,2024-07-18,3,839.64,822.85,-2.0,-2000.0,stop_loss
JPM,2024-07-15,2024-08-02,18,201.58,197.55,-2.0,-2000.0,stop_loss
XOM,2024-07-15,2024-07-23,8,107.89,106.2,-1.56,-1562.37,below_ma50
BAC,2024-07-16,2024-07-18,2,42.38,41.53,-2.0,-2000.0,stop_loss
GS,2024-07-16,2024-07-18,2,485.09,475.39,-2.0,-2000.0,stop_loss
ORCL,2024-07-16,2024-07-17,1,140.03,137.23,-2.0,-2000.0,stop_loss
TSLA,2024-07-16,2024-07-17,1,256.56,251.43,-2.0,-2000.0,stop_loss
UNH,2024-07-16,2024-07-18,2,524.65,550.88,5.0,5000.0,profit_target
CVX,2024-07-17,2024-07-22,5,148.03,145.07,-2.0,-2000.0,stop_loss
AVGO,2024-07-18,2024-07-19,1,157.56,154.41,-2.0,-2000.0,stop_loss
HD,2024-07-18,2024-07-24,6,350.81,343.8,-2.0,-2000.0,stop_loss
PEP,2024-07-18,2024-07-19,1,159.79,158.84,-0.59,-592.82,below_ma50
TSLA,2024-07-18,2024-07-19,1,249.23,244.25,-2.0,-2000.0,stop_loss
AAPL,2024-07-19,2024-07-24,5,222.38,217.94,-2.0,-2000.0,stop_loss
BAC,2024-07-19,2024-07-22,3,41.19,40.37,-2.0,-2000.0,stop_loss
CAT,2024-07-19,2024-07-24,5,338.41,331.64,-2.0,-2000.0,stop_loss
GS,2024-07-19,2024-07-30,11,467.65,491.03,5.0,5000.0,profit_target
UNH,2024-07-19,2024-07-23,4,540.38,529.57,-2.0,-2000.0,stop_loss
COST,2024-07-22,2024-07-24,2,838.34,821.58,-2.0,-2000.0,stop_loss
TSLA,2024-07-22,2024-07-23,1,251.51,246.48,-2.0,-2000.0,stop_loss
BAC,2024-07-23,2024-07-26,3,40.72,39.91,-2.0,-2000.0,stop_loss
CRM,2024-07-23,2024-07-24,1,252.43,247.38,-2.0,-2000.0,stop_loss
ORCL,2024-07-23,2024-07-24,1,140.52,137.71,-2.0,-2000.0,stop_loss
UNH,2024-07-24,2024-08-02,9,535.05,561.8,5.0,5000.0,profit_target
XOM,2024-07-24,2024-08-19,26,107.7,113.09,5.0,5000.0,profit_target
CAT,2024-07-26,2024-07-29,3,342.57,335.72,-2.0,-2000.0,stop_loss
CRM,2024-07-26,2024-07-30,4,258.98,253.8,-2.0,-2000.0,stop_loss
CVX,2024-07-26,2024-07-29,3,144.91,143.77,-0.79,-785.6,below_ma50
HD,2024-07-26,2024-08-02,7,344.52,337.63,-2.0,-2000.0,stop_loss
NOW,2024-07-26,2024-07-29,3,165.52,162.21,-2.0,-2000.0,stop_loss
PEP,2024-07-26,2024-09-20,56,162.02,161.77,-0.15,-154.28,below_ma50
CAT,2024-07-31,2024-08-01,1,338.39,331.62,-2.0,-2000.0,stop_loss
CRM,2024-07-31,2024-08-01,1,255.13,250.03,-2.0,-2000.0,stop_loss
CVX,2024-07-31,2024-08-01,1,147.33,144.38,-2.0,-2000.0,stop_loss
GS,2024-07-31,2024-08-01,1,490.89,481.07,-2.0,-2000.0,stop_loss
NOW,2024-07-31,2024-08-02,2,162.88,159.62,-2.0,-2000.0,stop_loss
AAPL,2024-08-14,2024-08-29,15,220.07,231.07,5.0,5000.0,profit_target
AVGO,2024-08-14,2024-08-15,1,154.78,162.52,5.0,5000.0,profit_target
COST,2024-08-14,2024-08-27,13,854.68,897.42,5.0,5000.0,profit_target
GS,2024-08-14,2024-09-03,20,480.93,471.31,-2.0,-2000.0,stop_loss
HD,2024-08-14,2024-08-23,9,340.83,357.87,5.0,5000.0,profit_target
JPM,2024-08-14,2024-08-28,14,201.76,211.85,5.0,5000.0,profit_target
LLY,2024-08-14,2024-09-05,22,918.85,900.47,-2.0,-2000.0,stop_loss
META,2024-08-14,2024-08-26,12,523.25,512.78,-2.0,-2000.0,stop_loss
NFLX,2024-08-14,2024-08-20,6,66.17,69.48,5.0,5000.0,profit_target
UNH,2024-08-14,2024-09-23,40,554.09,550.05,-0.73,-729.17,below_ma50
CRM,2024-08-15,2024-08-22,7,259.06,253.88,-2.0,-2000.0,stop_loss
NOW,2024-08-15,2024-08-23,8,166.42,163.09,-2.0,-2000.0,stop_loss
NVDA,2024-08-15,2024-08-19,4,122.8,128.94,5.0,5000.0,profit_target
V,2024-08-15,2024-09-03,19,263.33,276.49,5.0,5000.0,profit_target
WMT,2024-08-15,2024-08-30,15,71.84,75.43,5.0,5000.0,profit_target
AVGO,2024-08-16,2024-08-19,3,162.66,159.41,-2.0,-2000.0,stop_loss
CAT,2024-08-19,2024-09-04,16,336.88,330.14,-2.0,-2000.0,stop_loss
ORCL,2024-08-19,2024-08-22,3,135.42,135.58,0.12,115.98,below_ma50
TSLA,2024-08-19,2024-08-22,3,222.72,218.27,-2.0,-2000.0,stop_loss
AVGO,2024-08-20,2024-08-22,2,162.89,159.63,-2.0,-2000.0,stop_loss
NVDA,2024-08-20,2024-08-22,2,127.19,124.64,-2.0,-2000.0,stop_loss
NFLX,2024-08-21,2024-08-23,2,69.71,68.32,-2.0,-2000.0,stop_loss
AVGO,2024-08-23,2024-08-26,3,163.29,160.02,-2.0,-2000.0,stop_loss
CRM,2024-08-23,2024-08-28,5,260.25,255.05,-2.0,-2000.0,stop_loss
NVDA,2024-08-23,2024-08-26,3,129.31,126.72,-2.0,-2000.0,stop_loss
ORCL,2024-08-23,2024-08-27,4,136.67,135.97,-0.51,-510.09,below_ma50
TSLA,2024-08-23,2024-08-26,3,220.32,215.91,-2.0,-2000.0,stop_loss
XOM,2024-08-23,2024-09-04,12,109.81,107.61,-2.0,-2000.0,stop_loss
HD,2024-08-26,2024-09-03,8,358.51,351.34,-2.0,-2000.0,stop_loss
NFLX,2024-08-26,2024-09-03,8,68.84,67.47,-2.0,-2000.0,stop_loss
NOW,2024-08-26,2024-08-28,2,165.57,162.26,-2.0,-2000.0,stop_loss
AVGO,2024-08-27,2024-08-28,1,158.41,155.24,-2.0,-2000.0,stop_loss
META,2024-08-27,2024-09-03,7,515.64,505.33,-2.0,-2000.0,stop_loss
NVDA,2024-08-27,2024-08-28,1,128.24,125.67,-2.0,-2000.0,stop_loss
COST,2024-08-28,2024-09-05,8,879.79,862.19,-2.0,-2000.0,stop_loss
CRM,2024-08-29,2024-08-30,1,253.36,248.3,-2.0,-2000.0,stop_loss
JPM,2024-08-29,2024-09-04,6,213.25,208.99,-2.0,-2000.0,stop_loss
NOW,2024-08-29,2024-09-11,13,166.25,174.57,5.0,5000.0,profit_target
ORCL,2024-08-29,2024-09-10,12,136.9,143.74,5.0,5000.0,profit_target
AAPL,2024-08-30,2024-09-03,4,227.3,222.75,-2.0,-2000.0,stop_loss
AVGO,2024-08-30,2024-09-03,4,159.81,156.62,-2.0,-2000.0,stop_loss
BAC,2024-08-30,2024-09-05,6,39.13,38.54,-1.5,-1496.95,below_ma50
WMT,2024-09-03,2024-09-25,22,75.97,79.77,5.0,5000.0,profit_target
HD,2024-09-04,2024-09-16,12,351.59,369.16,5.0,5000.0,profit_target
NFLX,2024-09-04,2024-09-06,2,67.97,66.61,-2.0,-2000.0,stop_loss
V,2024-09-04,2024-09-24,20,276.84,271.3,-2.0,-2000.0,stop_loss
JPM,2024-09-05,2024-09-06,1,208.85,204.68,-2.0,-2000.0,stop_loss
TSLA,2024-09-05,2024-09-06,1,230.17,225.57,-2.0,-2000.0,stop_loss
AMZN,2024-09-11,2024-09-23,12,184.52,193.75,5.0,5000.0,profit_target
COST,2024-09-11,2024-09-27,16,892.02,874.18,-2.0,-2000.0,stop_loss
ORCL,2024-09-11,2024-09-13,2,154.33,162.05,5.0,5000.0,profit_target
TSLA,2024-09-11,2024-09-16,5,228.13,223.57,-2.0,-2000.0,stop_loss
AVGO,2024-09-12,2024-09-16,4,161.52,158.29,-2.0,-2000.0,stop_loss
MSFT,2024-09-12,2024-10-02,20,421.15,412.73,-2.0,-2000.0,stop_loss
NOW,2024-09-12,2024-09-20,8,177.23,186.09,5.0,5000.0,profit_target
NFLX,2024-09-13,2024-10-10,27,69.71,73.19,5.0,5000.0,profit_target
META,2024-09-16,2024-09-19,3,530.23,556.74,5.0,5000.0,profit_target
ORCL,2024-09-16,2024-09-17,1,167.25,163.9,-2.0,-2000.0,stop_loss
AVGO,2024-09-17,2024-09-20,3,159.47,167.44,5.0,5000.0,profit_target
CAT,2024-09-17,2024-09-19,2,345.71,363.0,5.0,5000.0,profit_target
HD,2024-09-17,2024-09-27,10,369.49,387.96,5.0,5000.0,profit_target
TSLA,2024-09-17,2024-09-19,2,227.87,239.26,5.0,5000.0,profit_target
ORCL,2024-09-18,2024-10-08,20,161.55,169.63,5.0,5000.0,profit_target
BAC,2024-09-19,2024-09-23,4,39.5,38.71,-2.0,-2000.0,stop_loss
CRM,2024-09-19,2024-10-02,13,262.63,275.76,5.0,5000.0,profit_target
NVDA,2024-09-19,2024-09-20,1,117.82,115.47,-2.0,-2000.0,stop_loss
CAT,2024-09-20,2024-09-24,4,360.5,378.53,5.0,5000.0,profit_target
META,2024-09-20,2024-10-04,14,558.14,586.05,5.0,5000.0,profit_target
TSLA,2024-09-20,2024-09-24,4,238.25,250.16,5.0,5000.0,profit_target
AAPL,2024-09-23,2024-10-07,14,224.78,220.29,-2.0,-2000.0,stop_loss
AVGO,2024-09-23,2024-10-01,8,170.31,166.9,-2.0,-2000.0,stop_loss
CVX,2024-09-23,2024-09-25,2,136.97,134.23,-2.0,-2000.0,stop_loss
GS,2024-09-23,2024-10-01,8,482.52,472.87,-2.0,-2000.0,stop_loss
NOW,2024-09-23,2024-09-25,2,185.11,181.41,-2.0,-2000.0,stop_loss
NVDA,2024-09-23,2024-09-25,2,116.21,122.02,5.0,5000.0,profit_target
XOM,2024-09-23,2024-09-25,2,110.79,108.57,-2.0,-2000.0,stop_loss
AMZN,2024-09-24,2024-09-26,2,193.96,190.08,-2.0,-2000.0,stop_loss
CAT,2024-09-25,2024-09-26,1,369.72,388.2,5.0,5000.0,profit_target
LLY,2024-09-25,2024-09-26,1,913.1,894.84,-2.0,-2000.0,stop_loss
TSLA,2024-09-25,2024-09-26,1,257.02,251.88,-2.0,-2000.0,stop_loss
NOW,2024-09-26,2024-10-01,5,176.97,173.43,-2.0,-2000.0,stop_loss
NVDA,2024-09-26,2024-09-27,1,123.99,121.51,-2.0,-2000.0,stop_loss
WMT,2024-09-26,2024-11-06,41,78.68,82.61,5.0,5000.0,profit_target
AMZN,2024-09-27,2024-10-01,4,187.97,184.21,-2.0,-2000.0,stop_loss
CAT,2024-09-27,2024-10-30,33,382.26,374.61,-2.0,-2000.0,stop_loss
GOOGL,2024-09-27,2024-10-09,12,162.91,159.65,-2.0,-2000.0,stop_loss
TSLA,2024-09-27,2024-10-01,4,260.46,255.25,-2.0,-2000.0,stop_loss
XOM,2024-09-27,2024-10-02,5,109.33,114.8,5.0,5000.0,profit_target
BAC,2024-09-30,2024-10-01,1,38.35,37.91,-1.16,-1159.28,below_ma50
CVX,2024-09-30,2024-11-01,32,136.72,143.56,5.0,5000.0,profit_target
HD,2024-09-30,2024-10-22,22,390.66,382.85,-2.0,-2000.0,stop_loss
NVDA,2024-09-30,2024-10-01,1,121.39,118.96,-2.0,-2000.0,stop_loss
AVGO,2024-10-02,2024-10-08,6,168.06,176.46,5.0,5000.0,profit_target
GS,2024-10-02,2024-10-03,1,477.26,471.55,-1.2,-1197.17,below_ma50
TSLA,2024-10-02,2024-10-03,1,249.02,244.04,-2.0,-2000.0,stop_loss
UNH,2024-10-02,2024-10-08,6,568.18,556.81,-2.0,-2000.0,stop_loss
CRM,2024-10-03,2024-10-28,25,277.36,291.23,5.0,5000.0,profit_target
NOW,2024-10-03,2024-10-08,5,178.13,187.03,5.0,5000.0,profit_target
NVDA,2024-10-03,2024-10-07,4,122.8,128.94,5.0,5000.0,profit_target
XOM,2024-10-03,2024-10-15,12,115.71,113.4,-2.0,-2000.0,stop_loss
AMZN,2024-10-04,2024-10-07,3,186.51,182.78,-2.0,-2000.0,stop_loss
BAC,2024-10-04,2024-10-11,7,38.77,40.7,5.0,5000.0,profit_target
GS,2024-10-04,2024-10-14,10,480.34,504.35,5.0,5000.0,profit_target
JPM,2024-10-04,2024-10-11,7,203.95,214.14,5.0,5000.0,profit_target
TSLA,2024-10-04,2024-10-07,3,250.08,245.08,-2.0,-2000.0,stop_loss
META,2024-10-07,2024-10-21,14,581.43,569.81,-2.0,-2000.0,stop_loss
AAPL,2024-10-08,2024-10-15,7,224.09,235.29,5.0,5000.0,profit_target
LLY,2024-10-08,2024-10-17,9,902.39,905.75,0.37,372.12,below_ma50
NVDA,2024-10-08,2024-10-14,6,132.84,139.48,5.0,5000.0,profit_target
TSLA,2024-10-08,2024-10-09,1,244.5,239.61,-2.0,-2000.0,stop_loss
AVGO,2024-10-09,2024-10-11,2,183.12,179.46,-2.0,-2000.0,stop_loss
COST,2024-10-09,2024-10-11,2,900.64,882.63,-2.0,-2000.0,stop_loss
NOW,2024-10-09,2024-10-16,7,187.73,183.98,-2.0,-2000.0,stop_loss
ORCL,2024-10-09,2024-10-10,1,175.06,171.56,-2.0,-2000.0,stop_loss
UNH,2024-10-09,2024-10-15,6,567.13,555.79,-2.0,-2000.0,stop_loss
PEP,2024-10-10,2024-10-23,13,163.48,163.44,-0.02,-23.12,below_ma50
TSLA,2024-10-10,2024-10-11,1,238.77,233.99,-2.0,-2000.0,stop_loss
GOOGL,2024-10-11,2024-10-30,19,162.21,170.32,5.0,5000.0,profit_target
NFLX,2024-10-11,2024-10-15,4,72.28,70.83,-2.0,-2000.0,stop_loss
ORCL,2024-10-11,2024-10-16,5,172.98,169.52,-2.0,-2000.0,stop_loss
AVGO,2024-10-14,2024-10-15,1,179.53,175.94,-2.0,-2000.0,stop_loss
BAC,2024-10-14,2024-11-06,23,40.51,42.53,5.0,5000.0,profit_target
JPM,2024-10-14,2024-11-06,23,213.85,224.54,5.0,5000.0,profit_target
V,2024-10-14,2024-10-30,16,277.02,290.88,5.0,5000.0,profit_target
GS,2024-10-15,2024-10-25,10,506.74,496.61,-2.0,-2000.0,stop_loss
NVDA,2024-10-15,2024-10-17,2,131.55,138.13,5.0,5000.0,profit_target
AAPL,2024-10-16,2024-10-31,15,230.06,225.45,-2.0,-2000.0,stop_loss
XOM,2024-10-16,2024-10-28,12,113.9,111.62,-2.0,-2000.0,stop_loss
AVGO,2024-10-17,2024-10-22,5,178.77,175.19,-2.0,-2000.0,stop_loss
NOW,2024-10-17,2024-10-24,7,183.42,192.6,5.0,5000.0,profit_target
ORCL,2024-10-17,2024-10-28,11,172.89,169.43,-2.0,-2000.0,stop_loss
AMZN,2024-10-18,2024-10-23,5,188.99,185.21,-2.0,-2000.0,stop_loss
COST,2024-10-18,2024-10-21,3,881.28,878.52,-0.31,-313.62,below_ma50
NFLX,2024-10-18,2024-10-23,5,76.39,74.86,-2.0,-2000.0,stop_loss
NVDA,2024-10-18,2024-10-31,13,137.95,135.19,-2.0,-2000.0,stop_loss
COST,2024-10-22,2024-10-25,3,885.18,882.93,-0.25,-254.06,below_ma50
META,2024-10-22,2024-10-23,1,578.68,567.11,-2.0,-2000.0,stop_loss
MSFT,2024-10-22,2024-10-31,9,421.65,413.22,-2.0,-2000.0,stop_loss
AVGO,2024-10-23,2024-10-24,1,170.87,167.45,-2.0,-2000.0,stop_loss
NFLX,2024-10-24,2024-11-07,14,75.46,79.23,5.0,5000.0,profit_target
TSLA,2024-10-24,2024-10-28,4,260.48,273.5,5.0,5000.0,profit_target
AMZN,2024-10-25,2024-11-01,7,187.83,197.22,5.0,5000.0,profit_target
NOW,2024-10-25,2024-10-31,6,190.17,186.37,-2.0,-2000.0,stop_loss
GS,2024-10-28,2024-11-04,7,507.91,497.75,-2.0,-2000.0,stop_loss
CRM,2024-10-29,2024-10-31,2,295.11,289.21,-2.0,-2000.0,stop_loss
META,2024-10-29,2024-10-31,2,589.89,578.09,-2.0,-2000.0,stop_loss
TSLA,2024-10-29,2024-10-31,2,259.52,254.33,-2.0,-2000.0,stop_loss
GOOGL,2024-10-31,2024-11-07,7,170.03,178.53,5.0,5000.0,profit_target
V,2024-10-31,2024-11-06,6,286.08,300.38,5.0,5000.0,profit_target
CRM,2024-11-01,2024-11-07,6,290.99,305.54,5.0,5000.0,profit_target
TSLA,2024-11-01,2024-11-04,3,248.98,244.0,-2.0,-2000.0,stop_loss
AMZN,2024-11-04,2024-11-06,2,195.78,205.57,5.0,5000.0,profit_target
CVX,2024-11-04,2024-11-14,10,142.94,150.09,5.0,5000.0,profit_target
NOW,2024-11-04,2024-11-07,3,190.92,200.46,5.0,5000.0,profit_target
NVDA,2024-11-04,2024-11-06,2,136.0,142.8,5.0,5000.0,profit_target
TSLA,2024-11-05,2024-11-06,1,251.44,264.01,5.0,5000.0,profit_target
CAT,2024-11-06,2024-11-07,1,408.94,400.76,-2.0,-2000.0,stop_loss
COST,2024-11-06,2024-11-08,2,892.07,936.67,5.0,5000.0,profit_target
GS,2024-11-06,2024-11-07,1,578.14,566.58,-2.0,-2000.0,stop_loss
ORCL,2024-11-06,2024-11-11,5,178.36,187.28,5.0,5000.0,profit_target
UNH,2024-11-06,2024-11-11,5,572.38,601.0,5.0,5000.0,profit_target
XOM,2024-11-06,2024-11-26,20,114.22,112.28,-1.7,-1703.0,below_ma50
AMZN,2024-11-07,2024-11-11,4,210.05,205.85,-2.0,-2000.0,stop_loss
AVGO,2024-11-07,2024-11-11,4,181.01,177.39,-2.0,-2000.0,stop_loss
BAC,2024-11-07,2024-11-18,11,43.27,45.43,5.0,5000.0,profit_target
JPM,2024-11-07,2024-11-22,15,228.24,239.65,5.0,5000.0,profit_target
META,2024-11-07,2024-11-11,4,588.32,576.55,-2.0,-2000.0,stop_loss
MSFT,2024-11-07,2024-11-11,4,419.6,411.21,-2.0,-2000.0,stop_loss
NVDA,2024-11-07,2024-11-11,4,148.82,145.84,-2.0,-2000.0,stop_loss
TSLA,2024-11-07,2024-11-08,1,296.91,311.76,5.0,5000.0,profit_target
V,2024-11-07,2024-12-18,41,301.82,316.91,5.0,5000.0,profit_target
WMT,2024-11-07,2024-11-19,12,82.54,86.67,5.0,5000.0,profit_target
CAT,2024-11-08,2024-11-15,7,385.88,378.16,-2.0,-2000.0,stop_loss
CRM,2024-11-08,2024-11-11,3,317.88,333.77,5.0,5000.0,profit_target
GOOGL,2024-11-08,2024-11-14,6,177.22,173.68,-2.0,-2000.0,stop_loss
GS,2024-11-08,2024-11-19,11,571.62,560.19,-2.0,-2000.0,stop_loss
NFLX,2024-11-08,2024-11-13,5,79.5,83.48,5.0,5000.0,profit_target
NOW,2024-11-08,2024-11-13,5,201.62,211.7,5.0,5000.0,profit_target
COST,2024-11-11,2024-11-15,4,925.43,906.92,-2.0,-2000.0,stop_loss
HD,2024-11-11,2024-11-19,8,393.64,385.77,-2.0,-2000.0,stop_loss
TSLA,2024-11-11,2024-11-12,1,350.0,343.0,-2.0,-2000.0,stop_loss
AMZN,2024-11-12,2024-11-15,3,208.91,204.73,-2.0,-2000.0,stop_loss
AVGO,2024-11-12,2024-11-13,1,173.54,170.07,-2.0,-2000.0,stop_loss
CRM,2024-11-12,2024-11-14,2,336.84,330.1,-2.0,-2000.0,stop_loss
META,2024-11-12,2024-11-14,2,581.47,569.85,-2.0,-2000.0,stop_loss
NVDA,2024-11-12,2024-11-15,3,148.23,145.27,-2.0,-2000.0,stop_loss
ORCL,2024-11-12,2024-11-15,3,186.57,182.84,-2.0,-2000.0,stop_loss
UNH,2024-11-12,2024-11-14,2,589.63,577.83,-2.0,-2000.0,stop_loss
MSFT,2024-11-13,2024-11-15,2,419.38,410.99,-2.0,-2000.0,stop_loss
TSLA,2024-11-13,2024-11-14,1,330.24,323.64,-2.0,-2000.0,stop_loss
NFLX,2024-11-14,2024-11-15,1,83.73,82.05,-2.0,-2000.0,stop_loss
NOW,2024-11-14,2024-11-15,1,207.96,203.8,-2.0,-2000.0,stop_loss
CRM,2024-11-15,2024-11-19,4,321.15,314.72,-2.0,-2000.0,stop_loss
CVX,2024-11-15,2024-12-06,21,149.86,146.86,-2.0,-2000.0,stop_loss
GOOGL,2024-11-15,2024-11-21,6,171.4,167.97,-2.0,-2000.0,stop_loss
TSLA,2024-11-15,2024-11-18,3,320.72,336.76,5.0,5000.0,profit_target
UNH,2024-11-15,2024-11-19,4,568.1,556.74,-2.0,-2000.0,stop_loss
AMZN,2024-11-18,2024-11-21,3,201.7,197.67,-2.0,-2000.0,stop_loss
COST,2024-11-18,2024-11-22,4,912.17,957.77,5.0,5000.0,profit_target
NFLX,2024-11-18,2024-11-20,2,84.71,88.94,5.0,5000.0,profit_target
NOW,2024-11-18,2024-11-22,4,201.07,211.12,5.0,5000.0,profit_target
ORCL,2024-11-18,2024-11-21,3,182.78,191.92,5.0,5000.0,profit_target
BAC,2024-11-19,2024-12-16,27,44.85,43.96,-2.0,-2000.0,stop_loss
NVDA,2024-11-19,2024-11-20,1,146.95,144.01,-2.0,-2000.0,stop_loss
TSLA,2024-11-19,2024-11-20,1,346.0,339.08,-2.0,-2000.0,stop_loss
AAPL,2024-11-20,2024-12-02,12,227.55,238.92,5.0,5000.0,profit_target
CRM,2024-11-20,2024-11-21,1,321.58,337.66,5.0,5000.0,profit_target
GS,2024-11-20,2024-11-25,5,564.51,592.73,5.0,5000.0,profit_target
UNH,2024-11-20,2024-12-05,15,576.03,564.51,-2.0,-2000.0,stop_loss
WMT,2024-11-20,2024-11-26,6,85.82,90.11,5.0,5000.0,profit_target
CAT,2024-11-21,2024-11-27,6,382.17,401.28,5.0,5000.0,profit_target
HD,2024-11-21,2024-11-26,5,395.72,415.51,5.0,5000.0,profit_target
NFLX,2024-11-21,2024-11-25,4,89.75,87.95,-2.0,-2000.0,stop_loss
NVDA,2024-11-21,2024-11-22,1,146.61,143.68,-2.0,-2000.0,stop_loss
TSLA,2024-11-21,2024-11-22,1,339.64,356.62,5.0,5000.0,profit_target
AMZN,2024-11-22,2024-11-26,4,197.12,206.98,5.0,5000.0,profit_target
CRM,2024-11-22,2024-11-27,5,337.7,330.94,-2.0,-2000.0,stop_loss
ORCL,2024-11-22,2024-11-25,3,189.23,185.45,-2.0,-2000.0,stop_loss
COST,2024-11-25,2024-12-23,28,953.21,934.15,-2.0,-2000.0,stop_loss
JPM,2024-11-25,2024-12-02,7,241.67,236.84,-2.0,-2000.0,stop_loss
NOW,2024-11-25,2024-12-04,9,210.54,221.07,5.0,5000.0,profit_target
TSLA,2024-11-25,2024-11-27,2,338.59,331.82,-2.0,-2000.0,stop_loss
GS,2024-11-26,2024-12-10,14,587.37,575.63,-2.0,-2000.0,stop_loss
MSFT,2024-11-26,2024-11-29,3,422.97,414.51,-2.0,-2000.0,stop_loss
NFLX,2024-11-26,2024-12-05,9,87.26,91.62,5.0,5000.0,profit_target
ORCL,2024-11-26,2024-11-27,1,187.34,183.6,-2.0,-2000.0,stop_loss
HD,2024-11-27,2024-12-12,15,414.03,405.75,-2.0,-2000.0,stop_loss
WMT,2024-11-27,2024-12-23,26,90.45,88.64,-2.0,-2000.0,stop_loss
CAT,2024-11-29,2024-12-03,4,398.38,390.41,-2.0,-2000.0,stop_loss
CRM,2024-11-29,2024-12-04,5,325.82,342.11,5.0,5000.0,profit_target
TSLA,2024-11-29,2024-12-05,6,345.16,362.42,5.0,5000.0,profit_target
AMZN,2024-12-02,2024-12-05,3,210.71,221.25,5.0,5000.0,profit_target
META,2024-12-02,2024-12-06,4,589.44,618.91,5.0,5000.0,profit_target
MSFT,2024-12-02,2024-12-12,10,425.93,447.22,5.0,5000.0,profit_target
AAPL,2024-12-03,2024-12-20,17,241.11,253.17,5.0,5000.0,profit_target
JPM,2024-12-03,2024-12-13,10,236.39,231.66,-2.0,-2000.0,stop_loss
CAT,2024-12-04,2024-12-10,6,391.9,384.06,-2.0,-2000.0,stop_loss
CRM,2024-12-05,2024-12-09,4,356.81,349.68,-2.0,-2000.0,stop_loss
NOW,2024-12-05,2024-12-18,13,224.74,220.25,-2.0,-2000.0,stop_loss
AMZN,2024-12-06,2024-12-18,12,227.03,222.49,-2.0,-2000.0,stop_loss
AVGO,2024-12-06,2024-12-10,4,176.8,173.26,-2.0,-2000.0,stop_loss
GOOGL,2024-12-06,2024-12-10,4,173.6,182.28,5.0,5000.0,profit_target
NFLX,2024-12-06,2024-12-09,3,93.47,91.6,-2.0,-2000.0,stop_loss
NVDA,2024-12-06,2024-12-09,3,142.39,139.55,-2.0,-2000.0,stop_loss
ORCL,2024-12-06,2024-12-10,4,188.64,184.87,-2.0,-2000.0,stop_loss
TSLA,2024-12-06,2024-12-09,3,389.22,381.44,-2.0,-2000.0,stop_loss
META,2024-12-09,2024-12-18,9,610.06,597.86,-2.0,-2000.0,stop_loss
CRM,2024-12-10,2024-12-18,8,344.41,337.52,-2.0,-2000.0,stop_loss
NFLX,2024-12-10,2024-12-18,8,91.33,89.51,-2.0,-2000.0,stop_loss
TSLA,2024-12-10,2024-12-11,1,400.99,421.04,5.0,5000.0,profit_target
AVGO,2024-12-11,2024-12-12,1,180.41,176.8,-2.0,-2000.0,stop_loss
GOOGL,2024-12-11,2024-12-13,2,194.38,190.5,-2.0,-2000.0,stop_loss
GS,2024-12-11,2024-12-16,5,577.67,566.12,-2.0,-2000.0,stop_loss
TSLA,2024-12-12,2024-12-16,4,418.1,439.01,5.0,5000.0,profit_target
AVGO,2024-12-13,2024-12-16,3,221.38,232.44,5.0,5000.0,profit_target
MSFT,2024-12-13,2024-12-18,5,442.03,433.19,-2.0,-2000.0,stop_loss
GOOGL,2024-12-16,2024-12-18,2,195.64,191.73,-2.0,-2000.0,stop_loss
AVGO,2024-12-17,2024-12-18,1,236.57,231.84,-2.0,-2000.0,stop_loss
TSLA,2024-12-17,2024-12-18,1,479.86,470.26,-2.0,-2000.0,stop_loss
AMZN,2024-12-20,2024-12-30,10,224.92,220.42,-2.0,-2000.0,stop_loss
AVGO,2024-12-20,2024-12-23,3,217.43,228.3,5.0,5000.0,profit_target
CRM,2024-12-20,2024-12-23,3,339.69,332.9,-2.0,-2000.0,stop_loss
GOOGL,2024-12-20,2025-01-02,13,190.42,186.61,-2.0,-2000.0,stop_loss
MSFT,2024-12-20,2024-12-27,7,431.48,422.85,-2.0,-2000.0,stop_loss
NFLX,2024-12-20,2024-12-30,10,90.9,89.09,-2.0,-2000.0,stop_loss
NOW,2024-12-20,2024-12-27,7,218.25,213.88,-2.0,-2000.0,stop_loss
TSLA,2024-12-20,2024-12-24,4,421.06,442.11,5.0,5000.0,profit_target
V,2024-12-20,2025-01-07,18,314.17,307.89,-2.0,-2000.0,stop_loss
AAPL,2024-12-23,2024-12-31,8,253.65,248.58,-2.0,-2000.0,stop_loss
AVGO,2024-12-24,2024-12-30,6,236.66,231.93,-2.0,-2000.0,stop_loss
TSLA,2024-12-26,2024-12-27,1,454.13,445.05,-2.0,-2000.0,stop_loss
AVGO,2025-01-03,2025-01-07,4,229.62,225.03,-2.0,-2000.0,stop_loss
JPM,2025-01-03,2025-01-16,13,234.9,246.65,5.0,5000.0,profit_target
NVDA,2025-01-03,2025-01-06,3,144.42,151.64,5.0,5000.0,profit_target
AMZN,2025-01-06,2025-01-07,1,227.61,223.06,-2.0,-2000.0,stop_loss
GOOGL,2025-01-06,2025-01-08,2,195.85,191.93,-2.0,-2000.0,stop_loss
META,2025-01-06,2025-01-07,1,627.1,614.56,-2.0,-2000.0,stop_loss
BAC,2025-01-17,2025-02-03,17,45.22,44.32,-2.0,-2000.0,stop_loss
CAT,2025-01-17,2025-01-23,6,378.67,397.6,5.0,5000.0,profit_target
CVX,2025-01-17,2025-01-21,4,151.43,148.41,-2.0,-2000.0,stop_loss
GOOGL,2025-01-17,2025-01-27,10,194.98,191.08,-2.0,-2000.0,stop_loss
GS,2025-01-17,2025-01-21,4,610.21,598.01,-2.0,-2000.0,stop_loss
HD,2025-01-17,2025-02-03,17,396.77,388.83,-2.0,-2000.0,stop_loss
JPM,2025-01-17,2025-02-06,20,251.53,264.1,5.0,5000.0,profit_target
META,2025-01-17,2025-01-24,7,609.76,640.24,5.0,5000.0,profit_target
AMZN,2025-01-21,2025-01-27,6,230.71,226.1,-2.0,-2000.0,stop_loss
NOW,2025-01-21,2025-01-27,6,219.37,230.34,5.0,5000.0,profit_target
NVDA,2025-01-21,2025-01-24,3,140.78,147.82,5.0,5000.0,profit_target
V,2025-01-21,2025-01-30,9,320.02,336.02,5.0,5000.0,profit_target
WMT,2025-01-21,2025-01-28,7,91.83,96.43,5.0,5000.0,profit_target
AVGO,2025-01-22,2025-01-27,5,237.88,233.12,-2.0,-2000.0,stop_loss
CVX,2025-01-22,2025-01-31,9,146.69,143.76,-2.0,-2000.0,stop_loss
GS,2025-01-22,2025-02-18,27,616.83,647.67,5.0,5000.0,profit_target
MSFT,2025-01-22,2025-01-27,5,440.97,432.15,-2.0,-2000.0,stop_loss
NFLX,2025-01-22,2025-02-04,13,95.4,100.17,5.0,5000.0,profit_target
ORCL,2025-01-22,2025-01-27,5,181.74,178.1,-2.0,-2000.0,stop_loss
TSLA,2025-01-23,2025-01-27,4,412.38,404.13,-2.0,-2000.0,stop_loss
CAT,2025-01-24,2025-01-27,3,401.33,393.31,-2.0,-2000.0,stop_loss
LLY,2025-01-24,2025-01-31,7,776.96,815.81,5.0,5000.0,profit_target
COST,2025-01-27,2025-02-04,8,957.54,1005.42,5.0,5000.0,profit_target
CRM,2025-01-27,2025-01-28,1,343.1,360.26,5.0,5000.0,profit_target
META,2025-01-27,2025-01-30,3,656.63,689.47,5.0,5000.0,profit_target
PEP,2025-01-27,2025-01-28,1,147.35,144.41,-2.0,-2000.0,stop_loss
AMZN,2025-01-28,2025-01-30,2,238.15,233.39,-2.0,-2000.0,stop_loss
CAT,2025-01-28,2025-01-30,2,384.26,376.58,-2.0,-2000.0,stop_loss
MSFT,2025-01-28,2025-01-30,2,441.96,433.12,-2.0,-2000.0,stop_loss
NOW,2025-01-28,2025-01-29,1,234.08,229.4,-2.0,-2000.0,stop_loss
CRM,2025-01-29,2025-01-30,1,349.92,342.92,-2.0,-2000.0,stop_loss
WMT,2025-01-29,2025-02-05,7,96.19,101.0,5.0,5000.0,profit_target
GOOGL,2025-01-30,2025-02-05,6,199.83,195.83,-2.0,-2000.0,stop_loss
TSLA,2025-01-30,2025-02-03,4,400.28,392.27,-2.0,-2000.0,stop_loss
UNH,2025-01-30,2025-02-05,6,525.35,514.84,-2.0,-2000.0,stop_loss
AMZN,2025-01-31,2025-02-03,3,237.68,232.93,-2.0,-2000.0,stop_loss
CRM,2025-01-31,2025-02-03,3,337.77,331.01,-2.0,-2000.0,stop_loss
META,2025-01-31,2025-02-03,3,685.79,672.07,-2.0,-2000.0,stop_loss
V,2025-01-31,2025-02-27,27,337.99,354.89,5.0,5000.0,profit_target
LLY,2025-02-03,2025-02-06,3,801.71,841.79,5.0,5000.0,profit_target
AMZN,2025-02-04,2025-02-05,1,242.06,237.22,-2.0,-2000.0,stop_loss
BAC,2025-02-04,2025-02-19,15,45.4,44.49,-2.0,-2000.0,stop_loss
CRM,2025-02-04,2025-02-06,2,340.18,333.37,-2.0,-2000.0,stop_loss
HD,2025-02-04,2025-02-07,3,398.81,394.82,-1.0,-1001.24,below_ma50
META,2025-02-04,2025-02-14,10,700.73,735.76,5.0,5000.0,profit_target
AVGO,2025-02-05,2025-02-07,2,229.08,224.5,-2.0,-2000.0,stop_loss
COST,2025-02-05,2025-02-27,22,1034.55,1013.86,-2.0,-2000.0,stop_loss
NFLX,2025-02-05,2025-02-14,9,101.11,106.17,5.0,5000.0,profit_target
AMZN,2025-02-06,2025-02-07,1,238.83,234.05,-2.0,-2000.0,stop_loss
ORCL,2025-02-06,2025-02-18,12,170.03,178.53,5.0,5000.0,profit_target
WMT,2025-02-06,2025-02-20,14,101.47,99.44,-2.0,-2000.0,stop_loss
JPM,2025-02-07,2025-02-10,3,267.68,262.32,-2.0,-2000.0,stop_loss
LLY,2025-02-07,2025-02-10,3,868.86,851.48,-2.0,-2000.0,stop_loss
AMZN,2025-02-10,2025-02-12,2,233.14,228.48,-2.0,-2000.0,stop_loss
CVX,2025-02-11,2025-02-13,2,147.65,144.7,-2.0,-2000.0,stop_loss
HD,2025-02-11,2025-02-12,1,403.53,395.46,-2.0,-2000.0,stop_loss
JPM,2025-02-11,2025-02-20,9,266.89,261.55,-2.0,-2000.0,stop_loss
LLY,2025-02-11,2025-02-14,3,855.69,838.58,-2.0,-2000.0,stop_loss
UNH,2025-02-11,2025-02-12,1,514.13,507.85,-1.22,-1221.15,below_ma50
XOM,2025-02-11,2025-02-12,1,106.28,104.16,-2.0,-2000.0,stop_loss
AAPL,2025-02-13,2025-02-27,14,240.26,236.05,-1.75,-1751.33,below_ma50
AVGO,2025-02-14,2025-02-18,4,230.11,225.5,-2.0,-2000.0,stop_loss
NVDA,2025-02-14,2025-02-21,7,138.8,136.03,-2.0,-2000.0,stop_loss
CVX,2025-02-18,2025-03-03,13,148.08,145.12,-2.0,-2000.0,stop_loss
LLY,2025-02-18,2025-02-25,7,849.44,891.91,5.0,5000.0,profit_target
META,2025-02-18,2025-02-19,1,712.85,698.59,-2.0,-2000.0,stop_loss
NFLX,2025-02-18,2025-02-21,3,103.58,101.51,-2.0,-2000.0,stop_loss
XOM,2025-02-18,2025-03-03,13,105.76,103.65,-2.0,-2000.0,stop_loss
AVGO,2025-02-19,2025-02-20,1,225.85,221.33,-2.0,-2000.0,stop_loss
GS,2025-02-19,2025-02-20,1,651.36,638.33,-2.0,-2000.0,stop_loss
ORCL,2025-02-19,2025-02-20,1,179.07,175.49,-2.0,-2000.0,stop_loss
META,2025-02-20,2025-02-24,4,691.42,677.59,-2.0,-2000.0,stop_loss
PEP,2025-02-21,2025-02-27,6,146.29,143.37,-2.0,-2000.0,stop_loss
AVGO,2025-05-01,2025-05-08,7,195.43,205.21,5.0,5000.0,profit_target
COST,2025-05-01,2025-05-30,29,992.15,1041.76,5.0,5000.0,profit_target
GS,2025-05-01,2025-05-12,11,542.59,569.72,5.0,5000.0,profit_target
JPM,2025-05-01,2025-05-12,11,241.09,253.15,5.0,5000.0,profit_target
MSFT,2025-05-01,2025-05-12,11,421.26,442.32,5.0,5000.0,profit_target
NFLX,2025-05-01,2025-05-05,4,113.35,111.08,-2.0,-2000.0,stop_loss
NOW,2025-05-01,2025-05-12,11,191.59,201.17,5.0,5000.0,profit_target
TSLA,2025-05-01,2025-05-02,1,280.52,294.55,5.0,5000.0,profit_target
V,2025-05-01,2025-05-12,11,339.2,356.16,5.0,5000.0,profit_target
WMT,2025-05-01,2025-05-13,12,96.37,94.44,-2.0,-2000.0,stop_loss
BAC,2025-05-02,2025-05-12,10,40.17,42.17,5.0,5000.0,profit_target
CAT,2025-05-02,2025-05-12,10,320.21,336.23,5.0,5000.0,profit_target
CRM,2025-05-02,2025-05-06,4,272.34,266.89,-2.0,-2000.0,stop_loss
GOOGL,2025-05-02,2025-05-07,5,163.37,160.1,-2.0,-2000.0,stop_loss
HD,2025-05-02,2025-05-05,3,355.53,352.81,-0.77,-765.37,below_ma50
META,2025-05-02,2025-05-12,10,594.61,624.34,5.0,5000.0,profit_target
NVDA,2025-05-02,2025-05-06,4,114.47,112.18,-2.0,-2000.0,stop_loss
ORCL,2025-05-02,2025-05-06,4,149.23,146.25,-2.0,-2000.0,stop_loss
TSLA,2025-05-05,2025-05-06,1,280.26,274.65,-2.0,-2000.0,stop_loss
NFLX,2025-05-06,2025-05-12,6,113.77,111.49,-2.0,-2000.0,stop_loss
CRM,2025-05-07,2025-05-13,6,275.46,289.23,5.0,5000.0,profit_target
HD,2025-05-07,2025-05-13,6,353.81,371.5,5.0,5000.0,profit_target
NVDA,2025-05-07,2025-05-12,5,117.03,122.88,5.0,5000.0,profit_target
ORCL,2025-05-07,2025-05-12,5,147.89,155.28,5.0,5000.0,profit_target
TSLA,2025-05-07,2025-05-09,2,276.22,290.03,5.0,5000.0,profit_target
AMZN,2025-05-08,2025-05-12,4,192.08,201.68,5.0,5000.0,profit_target
AVGO,2025-05-09,2025-05-12,3,206.2,216.51,5.0,5000.0,profit_target
AAPL,2025-05-12,2025-05-19,7,209.96,205.76,-2.0,-2000.0,stop_loss
TSLA,2025-05-12,2025-05-13,1,318.38,334.3,5.0,5000.0,profit_target
AMZN,2025-05-13,2025-05-15,2,211.37,207.14,-2.0,-2000.0,stop_loss
AVGO,2025-05-13,2025-05-16,3,230.19,225.58,-2.0,-2000.0,stop_loss
BAC,2025-05-13,2025-05-21,8,43.31,42.44,-2.0,-2000.0,stop_loss
CAT,2025-05-13,2025-05-21,8,348.77,341.79,-2.0,-2000.0,stop_loss
GS,2025-05-13,2025-05-23,10,591.55,579.72,-2.0,-2000.0,stop_loss
JPM,2025-05-13,2025-05-23,10,256.84,251.7,-2.0,-2000.0,stop_loss
META,2025-05-13,2025-05-15,2,653.38,640.32,-2.0,-2000.0,stop_loss
MSFT,2025-05-13,2025-06-06,24,444.76,467.0,5.0,5000.0,profit_target
NFLX,2025-05-13,2025-05-16,3,113.84,119.54,5.0,5000.0,profit_target
NOW,2025-05-13,2025-05-20,7,207.34,203.2,-2.0,-2000.0,stop_loss
NVDA,2025-05-13,2025-05-21,8,129.9,136.39,5.0,5000.0,profit_target
ORCL,2025-05-13,2025-05-15,2,160.66,157.44,-2.0,-2000.0,stop_loss
V,2025-05-13,2025-06-11,29,353.35,371.02,5.0,5000.0,profit_target
XOM,2025-05-13,2025-05-14,1,105.11,104.17,-0.9,-895.31,below_ma50
CRM,2025-05-14,2025-05-21,7,287.84,282.09,-2.0,-2000.0,stop_loss
GOOGL,2025-05-14,2025-05-22,8,164.7,172.94,5.0,5000.0,profit_target
HD,2025-05-14,2025-05-22,8,363.62,356.35,-2.0,-2000.0,stop_loss
TSLA,2025-05-14,2025-05-15,1,347.68,340.73,-2.0,-2000.0,stop_loss
WMT,2025-05-14,2025-05-15,1,96.03,94.11,-2.0,-2000.0,stop_loss
XOM,2025-05-15,2025-05-16,1,105.23,104.85,-0.36,-359.18,below_ma50
AMZN,2025-05-16,2025-05-19,3,205.59,201.48,-2.0,-2000.0,stop_loss
META,2025-05-16,2025-05-23,7,637.76,625.0,-2.0,-2000.0,stop_loss
ORCL,2025-05-16,2025-05-21,5,158.9,155.72,-2.0,-2000.0,stop_loss
TSLA,2025-05-16,2025-05-19,3,349.98,342.98,-2.0,-2000.0,stop_loss
WMT,2025-05-16,2025-05-19,3,97.43,95.48,-2.0,-2000.0,stop_loss
AVGO,2025-05-19,2025-05-29,10,228.41,239.84,5.0,5000.0,profit_target
NFLX,2025-05-19,2025-06-05,17,119.16,125.12,5.0,5000.0,profit_target
AMZN,2025-05-20,2025-05-23,3,204.07,199.99,-2.0,-2000.0,stop_loss
TSLA,2025-05-20,2025-05-21,1,343.82,336.94,-2.0,-2000.0,stop_loss
WMT,2025-05-20,2025-05-22,2,96.99,95.05,-2.0,-2000.0,stop_loss
NOW,2025-05-21,2025-06-13,23,202.95,198.89,-2.0,-2000.0,stop_loss
BAC,2025-05-22,2025-05-23,1,42.36,41.51,-2.0,-2000.0,stop_loss
CAT,2025-05-22,2025-05-23,1,341.49,334.66,-2.0,-2000.0,stop_loss
CRM,2025-05-22,2025-05-23,1,280.6,274.98,-2.0,-2000.0,stop_loss
NVDA,2025-05-22,2025-05-23,1,132.8,130.14,-2.0,-2000.0,stop_loss
ORCL,2025-05-22,2025-05-29,7,155.75,163.53,5.0,5000.0,profit_target
TSLA,2025-05-22,2025-05-23,1,341.04,334.22,-2.0,-2000.0,stop_loss
GOOGL,2025-05-23,2025-06-10,18,167.79,176.18,5.0,5000.0,profit_target
HD,2025-05-23,2025-06-11,19,353.77,353.76,-0.0,-2.73,below_ma50
AMZN,2025-05-27,2025-05-30,3,206.02,201.9,-2.0,-2000.0,stop_loss
BAC,2025-05-27,2025-06-23,27,43.25,45.41,5.0,5000.0,profit_target
CAT,2025-05-27,2025-06-02,6,347.75,340.79,-2.0,-2000.0,stop_loss
CRM,2025-05-27,2025-05-29,2,274.43,268.94,-2.0,-2000.0,stop_loss
GS,2025-05-27,2025-05-29,2,603.23,591.17,-2.0,-2000.0,stop_loss
JPM,2025-05-27,2025-06-24,28,259.06,272.02,5.0,5000.0,profit_target
META,2025-05-27,2025-06-03,7,639.73,671.72,5.0,5000.0,profit_target
NVDA,2025-05-27,2025-05-29,2,135.47,142.24,5.0,5000.0,profit_target
TSLA,2025-05-27,2025-05-30,3,362.89,355.63,-2.0,-2000.0,stop_loss
AVGO,2025-05-30,2025-06-03,4,239.74,251.73,5.0,5000.0,profit_target
GS,2025-05-30,2025-06-16,17,591.2,620.75,5.0,5000.0,profit_target
NVDA,2025-05-30,2025-06-03,4,135.1,141.85,5.0,5000.0,profit_target
ORCL,2025-05-30,2025-06-06,7,163.89,172.08,5.0,5000.0,profit_target
WMT,2025-05-30,2025-06-10,11,97.9,95.94,-2.0,-2000.0,stop_loss
COST,2025-06-02,2025-06-05,3,1050.93,1029.92,-2.0,-2000.0,stop_loss
TSLA,2025-06-02,2025-06-04,2,342.69,335.84,-2.0,-2000.0,stop_loss
AVGO,2025-06-04,2025-06-06,2,258.57,253.4,-2.0,-2000.0,stop_loss
META,2025-06-04,2025-06-26,22,685.18,719.43,5.0,5000.0,profit_target
NVDA,2025-06-04,2025-06-05,1,141.89,139.05,-2.0,-2000.0,stop_loss
AMZN,2025-06-05,2025-06-11,6,207.91,218.31,5.0,5000.0,profit_target
NFLX,2025-06-06,2025-06-10,4,124.15,121.66,-2.0,-2000.0,stop_loss
NVDA,2025-06-06,2025-06-25,19,141.69,148.77,5.0,5000.0,profit_target
AVGO,2025-06-09,2025-06-12,3,241.93,254.03,5.0,5000.0,profit_target
CAT,2025-06-09,2025-06-26,17,354.24,371.95,5.0,5000.0,profit_target
CVX,2025-06-09,2025-06-17,8,135.1,141.86,5.0,5000.0,profit_target
MSFT,2025-06-09,2025-06-26,17,469.0,492.45,5.0,5000.0,profit_target
ORCL,2025-06-09,2025-06-12,3,175.39,184.16,5.0,5000.0,profit_target
LLY,2025-06-10,2025-06-17,7,801.52,785.49,-2.0,-2000.0,stop_loss
XOM,2025-06-10,2025-06-16,6,103.91,109.1,5.0,5000.0,profit_target
GOOGL,2025-06-11,2025-06-13,2,176.85,173.31,-2.0,-2000.0,stop_loss
NFLX,2025-06-11,2025-06-24,13,121.99,128.09,5.0,5000.0,profit_target
AMZN,2025-06-12,2025-06-20,8,213.24,208.98,-2.0,-2000.0,stop_loss
V,2025-06-12,2025-06-13,1,368.49,361.12,-2.0,-2000.0,stop_loss
AVGO,2025-06-13,2025-06-24,11,246.31,258.63,5.0,5000.0,profit_target
ORCL,2025-06-13,2025-06-16,3,213.08,208.82,-2.0,-2000.0,stop_loss
GOOGL,2025-06-16,2025-06-18,2,176.27,172.74,-2.0,-2000.0,stop_loss
GS,2025-06-17,2025-06-24,7,615.01,645.76,5.0,5000.0,profit_target
ORCL,2025-06-17,2025-06-23,6,206.11,201.99,-2.0,-2000.0,stop_loss
XOM,2025-06-17,2025-06-23,6,110.48,108.27,-2.0,-2000.0,stop_loss
CVX,2025-06-18,2025-06-24,6,142.23,139.39,-2.0,-2000.0,stop_loss
LLY,2025-06-18,2025-06-20,2,779.52,763.93,-2.0,-2000.0,stop_loss
AMZN,2025-06-23,2025-06-27,4,208.47,218.89,5.0,5000.0,profit_target
TSLA,2025-06-23,2025-06-24,1,348.68,341.71,-2.0,-2000.0,stop_loss
BAC,2025-06-24,2025-07-03,9,45.9,48.2,5.0,5000.0,profit_target
CRM,2025-06-24,2025-06-25,1,268.89,265.51,-1.26,-1257.5,below_ma50
GOOGL,2025-06-24,2025-06-27,3,166.3,174.61,5.0,5000.0,profit_target
ORCL,2025-06-24,2025-06-25,1,213.13,208.87,-2.0,-2000.0,stop_loss
XOM,2025-06-24,2025-07-08,14,104.99,110.24,5.0,5000.0,profit_target
AVGO,2025-06-25,2025-07-09,14,262.73,275.86,5.0,5000.0,profit_target
CVX,2025-06-25,2025-07-08,13,137.47,144.35,5.0,5000.0,profit_target
GS,2025-06-25,2025-06-30,5,659.55,692.52,5.0,5000.0,profit_target
JPM,2025-06-25,2025-07-23,28,277.39,291.26,5.0,5000.0,profit_target
LLY,2025-06-25,2025-06-27,2,786.73,771.0,-2.0,-2000.0,stop_loss
NFLX,2025-06-25,2025-06-30,5,127.53,133.9,5.0,5000.0,profit_target
CRM,2025-06-26,2025-07-02,6,268.47,266.95,-0.57,-565.14,below_ma50
NVDA,2025-06-26,2025-07-01,5,154.99,151.89,-2.0,-2000.0,stop_loss
ORCL,2025-06-26,2025-06-30,4,210.71,221.24,5.0,5000.0,profit_target
TSLA,2025-06-26,2025-06-27,1,325.78,319.26,-2.0,-2000.0,stop_loss
CAT,2025-06-27,2025-07-10,13,380.59,399.62,5.0,5000.0,profit_target
HD,2025-06-27,2025-07-15,18,361.88,354.65,-2.0,-2000.0,stop_loss
META,2025-06-27,2025-07-01,4,731.23,716.61,-2.0,-2000.0,stop_loss
MSFT,2025-06-27,2025-07-31,34,492.01,516.61,5.0,5000.0,profit_target
AAPL,2025-06-30,2025-07-07,7,204.36,214.58,5.0,5000.0,profit_target
AMZN,2025-06-30,2025-07-24,24,219.39,230.36,5.0,5000.0,profit_target
GOOGL,2025-06-30,2025-07-18,18,175.73,184.52,5.0,5000.0,profit_target
NOW,2025-06-30,2025-07-01,1,205.62,201.5,-2.0,-2000.0,stop_loss
PEP,2025-06-30,2025-07-17,17,128.35,134.76,5.0,5000.0,profit_target
TSLA,2025-06-30,2025-07-01,1,317.66,311.31,-2.0,-2000.0,stop_loss
WMT,2025-06-30,2025-07-08,8,96.97,96.28,-0.71,-705.68,below_ma50
GS,2025-07-01,2025-07-16,15,695.57,681.66,-2.0,-2000.0,stop_loss
NFLX,2025-07-01,2025-07-08,7,129.36,126.77,-2.0,-2000.0,stop_loss
ORCL,2025-07-01,2025-07-02,1,216.79,227.62,5.0,5000.0,profit_target
META,2025-07-02,2025-07-16,14,711.24,697.01,-2.0,-2000.0,stop_loss
NOW,2025-07-02,2025-07-10,8,201.95,197.91,-2.0,-2000.0,stop_loss
NVDA,2025-07-02,2025-07-11,9,157.22,165.09,5.0,5000.0,profit_target
CRM,2025-07-03,2025-07-07,4,269.87,267.54,-0.86,-863.51,below_ma50
ORCL,2025-07-03,2025-07-07,4,234.96,230.26,-2.0,-2000.0,stop_loss
BAC,2025-07-07,2025-07-08,1,47.87,46.91,-2.0,-2000.0,stop_loss
V,2025-07-07,2025-07-08,1,353.85,351.77,-0.59,-586.02,below_ma50
AAPL,2025-07-08,2025-08-01,24,209.18,205.0,-2.0,-2000.0,stop_loss
CRM,2025-07-08,2025-07-09,1,271.35,268.65,-1.0,-997.64,below_ma50
ORCL,2025-07-08,2025-07-14,6,232.17,227.53,-2.0,-2000.0,stop_loss
BAC,2025-07-09,2025-07-16,7,46.08,45.16,-2.0,-2000.0,stop_loss
CVX,2025-07-09,2025-07-16,7,146.87,143.93,-2.0,-2000.0,stop_loss
NFLX,2025-07-09,2025-07-10,1,128.83,126.25,-2.0,-2000.0,stop_loss
AVGO,2025-07-10,2025-07-14,4,273.4,267.93,-2.0,-2000.0,stop_loss
LLY,2025-07-10,2025-07-15,5,785.1,769.39,-2.0,-2000.0,stop_loss
XOM,2025-07-10,2025-07-15,5,111.38,109.15,-2.0,-2000.0,stop_loss
CAT,2025-07-11,2025-07-23,12,401.57,421.65,5.0,5000.0,profit_target
NFLX,2025-07-11,2025-07-18,7,124.51,122.02,-2.0,-2000.0,stop_loss
NVDA,2025-07-14,2025-07-15,1,164.04,172.24,5.0,5000.0,profit_target
AVGO,2025-07-15,2025-07-23,8,278.9,273.32,-2.0,-2000.0,stop_loss
ORCL,2025-07-15,2025-07-17,2,233.12,244.78,5.0,5000.0,profit_target
NVDA,2025-07-16,2025-07-22,6,171.34,167.91,-2.0,-2000.0,stop_loss
XOM,2025-07-16,2025-07-18,2,108.76,106.59,-2.0,-2000.0,stop_loss
CVX,2025-07-17,2025-07-18,1,145.29,142.39,-2.0,-2000.0,stop_loss
GS,2025-07-17,2025-08-12,26,694.96,729.71,5.0,5000.0,profit_target
BAC,2025-07-18,2025-08-01,14,46.55,45.62,-2.0,-2000.0,stop_loss
ORCL,2025-07-18,2025-07-22,4,243.53,238.66,-2.0,-2000.0,stop_loss
PEP,2025-07-18,2025-07-31,13,139.23,136.45,-2.0,-2000.0,stop_loss
TSLA,2025-07-18,2025-07-22,4,329.65,323.06,-2.0,-2000.0,stop_loss
CVX,2025-07-21,2025-07-29,8,143.66,150.85,5.0,5000.0,profit_target
GOOGL,2025-07-21,2025-08-08,18,189.56,199.04,5.0,5000.0,profit_target
LLY,2025-07-22,2025-07-28,6,770.99,809.54,5.0,5000.0,profit_target
HD,2025-07-23,2025-07-31,8,369.35,361.97,-2.0,-2000.0,stop_loss
META,2025-07-23,2025-07-30,7,711.25,697.02,-2.0,-2000.0,stop_loss
NVDA,2025-07-23,2025-07-29,6,170.75,179.29,5.0,5000.0,profit_target
ORCL,2025-07-23,2025-07-31,8,240.01,252.01,5.0,5000.0,profit_target
TSLA,2025-07-23,2025-07-24,1,332.56,325.91,-2.0,-2000.0,stop_loss
AVGO,2025-07-24,2025-07-30,6,286.61,300.94,5.0,5000.0,profit_target
CAT,2025-07-24,2025-08-07,14,426.48,417.95,-2.0,-2000.0,stop_loss
JPM,2025-07-24,2025-08-01,8,290.98,285.16,-2.0,-2000.0,stop_loss
AMZN,2025-07-25,2025-08-01,7,231.44,226.81,-2.0,-2000.0,stop_loss
V,2025-07-25,2025-07-28,3,354.24,352.68,-0.44,-439.74,below_ma50
TSLA,2025-07-28,2025-07-29,1,325.59,319.08,-2.0,-2000.0,stop_loss
WMT,2025-07-28,2025-08-06,9,96.8,101.64,5.0,5000.0,profit_target
NVDA,2025-07-30,2025-08-01,2,179.24,175.66,-2.0,-2000.0,stop_loss
AVGO,2025-07-31,2025-08-01,1,291.56,285.73,-2.0,-2000.0,stop_loss
META,2025-07-31,2025-08-01,1,770.91,755.5,-2.0,-2000.0,stop_loss
HD,2025-08-01,2025-08-12,11,366.71,385.05,5.0,5000.0,profit_target
MSFT,2025-08-01,2025-08-19,18,519.96,509.56,-2.0,-2000.0,stop_loss
ORCL,2025-08-01,2025-08-05,4,242.51,254.63,5.0,5000.0,profit_target
PEP,2025-08-01,2025-08-12,11,135.39,142.15,5.0,5000.0,profit_target
AVGO,2025-08-04,2025-08-05,1,295.55,289.64,-2.0,-2000.0,stop_loss
CVX,2025-08-04,2025-08-22,18,144.97,152.22,5.0,5000.0,profit_target
JPM,2025-08-04,2025-08-05,1,288.74,282.96,-2.0,-2000.0,stop_loss
META,2025-08-04,2025-08-06,2,773.83,758.36,-2.0,-2000.0,stop_loss
NVDA,2025-08-04,2025-08-05,1,179.97,176.37,-2.0,-2000.0,stop_loss
AAPL,2025-08-06,2025-08-08,2,212.41,223.03,5.0,5000.0,profit_target
AVGO,2025-08-06,2025-08-13,7,299.48,314.45,5.0,5000.0,profit_target
JPM,2025-08-06,2025-08-08,2,285.88,280.16,-2.0,-2000.0,stop_loss
NVDA,2025-08-06,2025-08-19,13,179.39,175.8,-2.0,-2000.0,stop_loss
ORCL,2025-08-06,2025-08-07,1,254.42,249.33,-2.0,-2000.0,stop_loss
META,2025-08-07,2025-08-20,13,759.34,744.15,-2.0,-2000.0,stop_loss
WMT,2025-08-07,2025-08-13,6,102.26,100.22,-2.0,-2000.0,stop_loss
CAT,2025-08-08,2025-08-11,3,413.57,405.3,-2.0,-2000.0,stop_loss
COST,2025-08-08,2025-08-15,7,976.84,967.94,-0.91,-911.33,below_ma50
ORCL,2025-08-08,2025-08-13,5,248.09,243.13,-2.0,-2000.0,stop_loss
TSLA,2025-08-08,2025-08-11,3,329.65,346.13,5.0,5000.0,profit_target
AAPL,2025-08-11,2025-09-03,23,226.54,237.87,5.0,5000.0,profit_target
GOOGL,2025-08-11,2025-08-20,9,200.43,196.42,-2.0,-2000.0,stop_loss
TSLA,2025-08-12,2025-08-14,2,340.84,334.02,-2.0,-2000.0,stop_loss
GS,2025-08-13,2025-08-15,2,733.21,718.55,-2.0,-2000.0,stop_loss
HD,2025-08-13,2025-08-15,2,399.61,391.62,-2.0,-2000.0,stop_loss
PEP,2025-08-13,2025-08-26,13,145.17,142.27,-2.0,-2000.0,stop_loss
AVGO,2025-08-14,2025-08-15,1,308.97,302.79,-2.0,-2000.0,stop_loss
WMT,2025-08-14,2025-08-21,7,100.01,98.01,-2.0,-2000.0,stop_loss
NFLX,2025-08-15,2025-08-19,4,123.89,121.42,-2.0,-2000.0,stop_loss
ORCL,2025-08-15,2025-08-19,4,246.34,241.41,-2.0,-2000.0,stop_loss
TSLA,2025-08-15,2025-08-20,5,330.56,323.95,-2.0,-2000.0,stop_loss
UNH,2025-08-15,2025-08-20,5,296.08,290.16,-2.0,-2000.0,stop_loss
AMZN,2025-08-18,2025-08-20,2,231.49,226.86,-2.0,-2000.0,stop_loss
AVGO,2025-08-18,2025-08-19,1,303.54,297.47,-2.0,-2000.0,stop_loss
COST,2025-08-18,2025-08-21,3,975.22,965.59,-0.99,-987.39,below_ma50
HD,2025-08-18,2025-08-22,4,387.36,406.73,5.0,5000.0,profit_target
BAC,2025-08-19,2025-08-27,8,47.3,49.66,5.0,5000.0,profit_target
AVGO,2025-08-21,2025-08-28,7,287.49,301.87,5.0,5000.0,profit_target
GOOGL,2025-08-21,2025-08-25,4,199.18,209.14,5.0,5000.0,profit_target
GS,2025-08-21,2025-08-27,6,704.92,740.16,5.0,5000.0,profit_target
JPM,2025-08-21,2025-09-12,22,286.0,300.3,5.0,5000.0,profit_target
NVDA,2025-08-21,2025-08-22,1,174.95,171.45,-2.0,-2000.0,stop_loss
UNH,2025-08-21,2025-08-26,5,295.44,289.53,-2.0,-2000.0,stop_loss
XOM,2025-08-21,2025-08-29,8,106.84,112.18,5.0,5000.0,profit_target
AMZN,2025-08-22,2025-09-02,11,228.84,224.26,-2.0,-2000.0,stop_loss
CAT,2025-08-22,2025-08-29,7,432.58,423.93,-2.0,-2000.0,stop_loss
TSLA,2025-08-22,2025-08-29,7,340.01,333.21,-2.0,-2000.0,stop_loss
V,2025-08-22,2025-09-05,14,347.91,340.95,-2.0,-2000.0,stop_loss
CVX,2025-08-25,2025-09-05,11,153.53,150.46,-2.0,-2000.0,stop_loss
HD,2025-08-25,2025-10-01,37,401.3,393.27,-2.0,-2000.0,stop_loss
NVDA,2025-08-25,2025-08-29,4,179.78,176.18,-2.0,-2000.0,stop_loss
GOOGL,2025-08-26,2025-09-03,8,206.55,216.88,5.0,5000.0,profit_target
PEP,2025-08-27,2025-09-02,6,143.51,150.69,5.0,5000.0,profit_target
UNH,2025-08-27,2025-09-08,12,295.95,310.75,5.0,5000.0,profit_target
BAC,2025-08-28,2025-09-08,11,49.67,48.68,-2.0,-2000.0,stop_loss
GS,2025-08-28,2025-09-02,5,739.64,724.85,-2.0,-2000.0,stop_loss
NFLX,2025-08-28,2025-08-29,1,123.14,120.68,-2.0,-2000.0,stop_loss
CAT,2025-09-02,2025-09-15,13,413.1,433.76,5.0,5000.0,profit_target
XOM,2025-09-02,2025-09-03,1,112.18,109.94,-2.0,-2000.0,stop_loss
AMZN,2025-09-03,2025-09-08,5,225.99,237.29,5.0,5000.0,profit_target
AAPL,2025-09-04,2025-09-09,5,239.1,234.32,-2.0,-2000.0,stop_loss
GOOGL,2025-09-04,2025-09-15,11,231.64,243.22,5.0,5000.0,profit_target
GS,2025-09-04,2025-09-05,1,741.3,726.48,-2.0,-2000.0,stop_loss
NFLX,2025-09-04,2025-09-08,4,125.75,123.23,-2.0,-2000.0,stop_loss
TSLA,2025-09-04,2025-09-05,1,338.53,355.46,5.0,5000.0,profit_target
WMT,2025-09-04,2025-09-17,13,100.33,105.34,5.0,5000.0,profit_target
XOM,2025-09-04,2025-09-05,1,109.94,107.74,-2.0,-2000.0,stop_loss
AVGO,2025-09-05,2025-09-08,3,332.45,349.08,5.0,5000.0,profit_target
CVX,2025-09-08,2025-09-30,22,149.45,150.71,0.84,837.65,below_ma50
GS,2025-09-08,2025-09-11,3,734.33,771.04,5.0,5000.0,profit_target
NOW,2025-09-08,2025-09-09,1,187.87,186.73,-0.6,-602.56,below_ma50
TSLA,2025-09-08,2025-09-11,3,346.4,363.72,5.0,5000.0,profit_target
XOM,2025-09-08,2025-09-17,9,107.45,112.82,5.0,5000.0,profit_target
AMZN,2025-09-09,2025-09-10,1,238.24,233.48,-2.0,-2000.0,stop_loss
AVGO,2025-09-09,2025-09-10,1,334.22,350.93,5.0,5000.0,profit_target
BAC,2025-09-09,2025-09-23,14,49.75,52.24,5.0,5000.0,profit_target
LLY,2025-09-09,2025-09-25,16,746.97,732.04,-2.0,-2000.0,stop_loss
META,2025-09-09,2025-09-11,2,763.2,747.93,-2.0,-2000.0,stop_loss
NFLX,2025-09-09,2025-09-11,2,126.32,123.8,-2.0,-2000.0,stop_loss
ORCL,2025-09-09,2025-09-10,1,239.62,251.6,5.0,5000.0,profit_target
UNH,2025-09-09,2025-09-16,7,338.85,332.07,-2.0,-2000.0,stop_loss
AAPL,2025-09-10,2025-09-15,5,226.15,237.46,5.0,5000.0,profit_target
NVDA,2025-09-10,2025-09-17,7,177.3,173.75,-2.0,-2000.0,stop_loss
AMZN,2025-09-11,2025-09-22,11,229.95,227.63,-1.01,-1008.91,below_ma50
AVGO,2025-09-11,2025-09-17,6,357.01,349.87,-2.0,-2000.0,stop_loss
NOW,2025-09-11,2025-09-12,1,187.66,185.79,-0.99,-993.31,below_ma50
ORCL,2025-09-11,2025-09-12,1,305.45,299.34,-2.0,-2000.0,stop_loss
COST,2025-09-12,2025-09-15,3,963.82,956.05,-0.81,-805.88,below_ma50
GS,2025-09-12,2025-09-23,11,772.15,810.76,5.0,5000.0,profit_target
META,2025-09-12,2025-09-25,13,753.12,746.97,-0.82,-817.2,below_ma50
MSFT,2025-09-12,2025-09-16,4,506.69,505.84,-0.17,-168.65,below_ma50
TSLA,2025-09-12,2025-09-15,3,395.94,415.74,5.0,5000.0,profit_target
JPM,2025-09-15,2025-10-10,25,303.1,297.04,-2.0,-2000.0,stop_loss
NOW,2025-09-15,2025-09-16,1,189.48,185.69,-2.0,-2000.0,stop_loss
ORCL,2025-09-15,2025-09-16,1,299.77,314.76,5.0,5000.0,profit_target
AAPL,2025-09-16,2025-09-22,6,237.48,249.35,5.0,5000.0,profit_target
CAT,2025-09-16,2025-09-18,2,437.55,459.43,5.0,5000.0,profit_target
GOOGL,2025-09-16,2025-09-25,9,250.67,245.66,-2.0,-2000.0,stop_loss
TSLA,2025-09-16,2025-09-17,1,421.62,413.19,-2.0,-2000.0,stop_loss
COST,2025-09-17,2025-09-18,1,958.97,948.34,-1.11,-1107.96,below_ma50
NFLX,2025-09-17,2025-09-18,1,122.85,120.78,-1.69,-1686.61,below_ma50
NOW,2025-09-17,2025-09-22,5,190.07,186.27,-2.0,-2000.0,stop_loss
ORCL,2025-09-17,2025-09-18,1,299.05,293.07,-2.0,-2000.0,stop_loss
UNH,2025-09-17,2025-09-18,1,334.8,328.1,-2.0,-2000.0,stop_loss
AVGO,2025-09-18,2025-09-19,1,342.84,335.98,-2.0,-2000.0,stop_loss
TSLA,2025-09-18,2025-09-22,4,416.85,437.69,5.0,5000.0,profit_target
WMT,2025-09-18,2025-09-23,5,102.98,100.92,-2.0,-2000.0,stop_loss
XOM,2025-09-18,2025-09-22,4,111.44,109.21,-2.0,-2000.0,stop_loss
CAT,2025-09-19,2025-10-02,13,463.24,486.4,5.0,5000.0,profit_target
MSFT,2025-09-19,2025-09-23,4,514.67,504.38,-2.0,-2000.0,stop_loss
NFLX,2025-09-19,2025-09-24,5,122.7,120.24,-2.0,-2000.0,stop_loss
NVDA,2025-09-19,2025-09-25,6,176.65,173.12,-2.0,-2000.0,stop_loss
ORCL,2025-09-19,2025-09-22,3,306.24,321.56,5.0,5000.0,profit_target
UNH,2025-09-19,2025-09-24,5,329.98,346.48,5.0,5000.0,profit_target
AVGO,2025-09-22,2025-09-25,3,336.9,330.16,-2.0,-2000.0,stop_loss
AAPL,2025-09-23,2025-10-10,17,253.71,248.64,-2.0,-2000.0,stop_loss
NOW,2025-09-23,2025-09-25,2,185.53,183.72,-0.98,-976.64,below_ma50
ORCL,2025-09-23,2025-09-24,1,311.37,305.15,-2.0,-2000.0,stop_loss
TSLA,2025-09-23,2025-09-29,6,425.85,447.14,5.0,5000.0,profit_target
XOM,2025-09-23,2025-10-01,8,111.46,109.23,-2.0,-2000.0,stop_loss
BAC,2025-09-24,2025-10-01,7,51.14,50.12,-2.0,-2000.0,stop_loss
GS,2025-09-24,2025-10-02,8,784.39,768.7,-2.0,-2000.0,stop_loss
WMT,2025-09-24,2025-10-01,7,102.12,100.07,-2.0,-2000.0,stop_loss
ORCL,2025-09-25,2025-09-26,1,289.05,283.27,-2.0,-2000.0,stop_loss
UNH,2025-09-25,2025-10-03,8,338.67,355.6,5.0,5000.0,profit_target
GOOGL,2025-09-26,2025-09-30,4,246.06,241.14,-2.0,-2000.0,stop_loss
NVDA,2025-09-26,2025-09-30,4,178.17,187.08,5.0,5000.0,profit_target
MSFT,2025-09-29,2025-10-10,11,511.36,507.74,-0.71,-707.33,below_ma50
NOW,2025-09-29,2025-09-30,1,188.17,184.41,-2.0,-2000.0,stop_loss
ORCL,2025-09-29,2025-09-30,1,280.55,274.94,-2.0,-2000.0,stop_loss
LLY,2025-09-30,2025-10-01,1,759.3,797.27,5.0,5000.0,profit_target
TSLA,2025-09-30,2025-10-02,2,444.72,435.83,-2.0,-2000.0,stop_loss
GOOGL,2025-10-01,2025-10-09,8,244.42,239.53,-2.0,-2000.0,stop_loss
NVDA,2025-10-01,2025-10-06,5,187.22,183.48,-2.0,-2000.0,stop_loss
V,2025-10-01,2025-10-13,12,345.71,338.8,-2.0,-2000.0,stop_loss
LLY,2025-10-02,2025-10-10,8,815.88,856.67,5.0,5000.0,profit_target
BAC,2025-10-03,2025-10-10,7,50.1,49.09,-2.0,-2000.0,stop_loss
CAT,2025-10-03,2025-10-07,4,494.32,484.44,-2.0,-2000.0,stop_loss
GS,2025-10-03,2025-10-09,6,781.97,766.33,-2.0,-2000.0,stop_loss
TSLA,2025-10-03,2025-10-06,3,429.83,451.32,5.0,5000.0,profit_target
XOM,2025-10-03,2025-10-10,7,110.78,108.57,-2.0,-2000.0,stop_loss
UNH,2025-10-06,2025-10-17,11,351.62,344.58,-2.0,-2000.0,stop_loss
NVDA,2025-10-07,2025-10-09,2,185.02,194.27,5.0,5000.0,profit_target
TSLA,2025-10-07,2025-10-10,3,433.09,424.43,-2.0,-2000.0,stop_loss
AVGO,2025-10-08,2025-10-10,2,343.57,336.7,-2.0,-2000.0,stop_loss
CAT,2025-10-08,2025-10-10,2,498.56,488.59,-2.0,-2000.0,stop_loss
NFLX,2025-10-08,2025-10-15,7,121.43,120.33,-0.9,-902.62,below_ma50
PEP,2025-10-09,2025-10-15,6,142.04,149.14,5.0,5000.0,profit_target
AVGO,2025-10-13,2025-10-14,1,354.71,347.62,-2.0,-2000.0,stop_loss
CAT,2025-10-13,2025-10-14,1,501.18,526.24,5.0,5000.0,profit_target
CRM,2025-10-13,2025-10-14,1,247.09,242.15,-2.0,-2000.0,stop_loss
LLY,2025-10-13,2025-10-17,4,815.43,799.12,-2.0,-2000.0,stop_loss
MSFT,2025-10-13,2025-10-16,3,510.81,508.39,-0.47,-474.66,below_ma50
NVDA,2025-10-13,2025-10-14,1,188.3,184.53,-2.0,-2000.0,stop_loss
TSLA,2025-10-13,2025-10-14,1,435.9,427.18,-2.0,-2000.0,stop_loss
V,2025-10-14,2025-10-16,2,346.26,339.33,-2.0,-2000.0,stop_loss
WMT,2025-10-14,2025-10-27,13,106.57,104.44,-2.0,-2000.0,stop_loss
AVGO,2025-10-15,2025-10-17,2,349.37,342.38,-2.0,-2000.0,stop_loss
BAC,2025-10-15,2025-10-16,1,51.72,50.68,-2.0,-2000.0,stop_loss
CAT,2025-10-15,2025-10-22,7,530.27,519.66,-2.0,-2000.0,stop_loss
COST,2025-10-15,2025-10-16,1,950.96,931.94,-2.0,-2000.0,stop_loss
GOOGL,2025-10-15,2025-10-21,6,250.54,245.53,-2.0,-2000.0,stop_loss
NVDA,2025-10-15,2025-10-27,12,179.81,188.8,5.0,5000.0,profit_target
ORCL,2025-10-15,2025-10-16,1,301.77,316.85,5.0,5000.0,profit_target
TSLA,2025-10-15,2025-10-16,1,435.15,426.45,-2.0,-2000.0,stop_loss
CRM,2025-10-16,2025-10-17,1,244.36,241.46,-1.19,-1186.99,below_ma50
PEP,2025-10-16,2025-10-29,13,149.85,146.86,-2.0,-2000.0,stop_loss
ORCL,2025-10-17,2025-10-20,3,289.53,283.74,-2.0,-2000.0,stop_loss
AAPL,2025-10-20,2025-10-22,2,261.5,256.27,-2.0,-2000.0,stop_loss
AVGO,2025-10-20,2025-10-21,1,347.29,340.35,-2.0,-2000.0,stop_loss
BAC,2025-10-20,2025-10-22,2,51.48,50.45,-2.0,-2000.0,stop_loss
CRM,2025-10-20,2025-10-21,1,252.58,265.21,5.0,5000.0,profit_target
LLY,2025-10-20,2025-10-30,10,805.04,845.29,5.0,5000.0,profit_target
NFLX,2025-10-20,2025-10-22,2,123.86,121.38,-2.0,-2000.0,stop_loss
TSLA,2025-10-20,2025-10-22,2,447.43,438.48,-2.0,-2000.0,stop_loss
UNH,2025-10-20,2025-10-23,3,357.21,350.07,-2.0,-2000.0,stop_loss
V,2025-10-20,2025-10-29,9,342.31,339.2,-0.91,-908.8,below_ma50
NOW,2025-10-21,2025-10-29,8,188.3,184.53,-2.0,-2000.0,stop_loss
XOM,2025-10-21,2025-11-10,20,110.24,115.76,5.0,5000.0,profit_target
AVGO,2025-10-22,2025-10-24,2,338.4,355.32,5.0,5000.0,profit_target
CRM,2025-10-22,2025-10-29,7,254.93,249.83,-2.0,-2000.0,stop_loss
GOOGL,2025-10-22,2025-10-27,5,251.2,263.76,5.0,5000.0,profit_target
MSFT,2025-10-22,2025-10-28,6,517.26,543.13,5.0,5000.0,profit_target
AAPL,2025-10-23,2025-10-30,7,258.85,271.79,5.0,5000.0,profit_target
BAC,2025-10-23,2025-11-12,20,51.2,53.76,5.0,5000.0,profit_target
CAT,2025-10-23,2025-10-29,6,518.3,544.21,5.0,5000.0,profit_target
CVX,2025-10-23,2025-10-24,1,151.94,150.97,-0.64,-638.73,below_ma50
TSLA,2025-10-23,2025-10-24,1,448.98,440.0,-2.0,-2000.0,stop_loss
UNH,2025-10-24,2025-10-28,4,355.27,373.04,5.0,5000.0,profit_target
AMZN,2025-10-27,2025-10-30,3,226.97,222.86,-1.81,-1810.81,below_ma50
AVGO,2025-10-27,2025-10-29,2,360.03,378.03,5.0,5000.0,profit_target
GS,2025-10-27,2025-11-04,8,781.98,766.34,-2.0,-2000.0,stop_loss
META,2025-10-27,2025-10-30,3,748.87,733.89,-2.0,-2000.0,stop_loss
TSLA,2025-10-27,2025-10-30,3,452.42,443.37,-2.0,-2000.0,stop_loss
GOOGL,2025-10-28,2025-10-30,2,266.95,280.3,5.0,5000.0,profit_target
JPM,2025-10-28,2025-11-12,15,301.08,316.14,5.0,5000.0,profit_target
NVDA,2025-10-28,2025-10-29,1,201.01,211.06,5.0,5000.0,profit_target
WMT,2025-10-28,2025-10-30,2,102.55,101.62,-0.91,-911.11,below_ma50
MSFT,2025-10-29,2025-10-30,1,538.14,527.38,-2.0,-2000.0,stop_loss
AVGO,2025-10-30,2025-10-31,1,374.37,366.88,-2.0,-2000.0,stop_loss
CAT,2025-10-30,2025-10-31,1,580.68,569.07,-2.0,-2000.0,stop_loss
CRM,2025-10-30,2025-11-06,7,254.94,249.84,-2.0,-2000.0,stop_loss
NOW,2025-10-30,2025-10-31,1,186.94,183.2,-2.0,-2000.0,stop_loss
NVDA,2025-10-30,2025-11-04,5,202.87,198.81,-2.0,-2000.0,stop_loss
V,2025-10-30,2025-10-31,1,342.93,338.66,-1.24,-1243.37,below_ma50
AAPL,2025-10-31,2025-12-02,32,269.61,283.09,5.0,5000.0,profit_target
AMZN,2025-10-31,2025-11-03,3,244.22,256.43,5.0,5000.0,profit_target
CVX,2025-10-31,2025-11-03,3,153.06,150.0,-2.0,-2000.0,stop_loss
GOOGL,2025-10-31,2025-11-07,7,280.64,275.03,-2.0,-2000.0,stop_loss
LLY,2025-10-31,2025-11-04,4,858.68,901.61,5.0,5000.0,profit_target
MSFT,2025-10-31,2025-11-05,5,514.55,504.26,-2.0,-2000.0,stop_loss
TSLA,2025-10-31,2025-11-04,4,456.56,447.43,-2.0,-2000.0,stop_loss
AVGO,2025-11-03,2025-11-04,1,360.53,353.32,-2.0,-2000.0,stop_loss
CAT,2025-11-03,2025-11-04,1,568.18,556.81,-2.0,-2000.0,stop_loss
AMZN,2025-11-04,2025-11-06,2,249.32,244.33,-2.0,-2000.0,stop_loss
AVGO,2025-11-05,2025-11-07,2,356.98,349.84,-2.0,-2000.0,stop_loss
CAT,2025-11-05,2025-11-07,2,566.74,555.41,-2.0,-2000.0,stop_loss
GS,2025-11-05,2025-11-06,1,785.05,769.35,-2.0,-2000.0,stop_loss
LLY,2025-11-05,2025-11-07,2,921.33,902.9,-2.0,-2000.0,stop_loss
NVDA,2025-11-05,2025-11-06,1,195.19,191.28,-2.0,-2000.0,stop_loss
TSLA,2025-11-05,2025-11-06,1,462.07,452.83,-2.0,-2000.0,stop_loss
AMZN,2025-11-07,2025-11-13,6,244.41,239.52,-2.0,-2000.0,stop_loss
GS,2025-11-07,2025-11-12,5,778.36,817.28,5.0,5000.0,profit_target
NVDA,2025-11-07,2025-11-10,3,188.13,197.54,5.0,5000.0,profit_target
AVGO,2025-11-10,2025-11-11,1,356.39,349.26,-2.0,-2000.0,stop_loss
CAT,2025-11-10,2025-11-13,3,568.44,557.07,-2.0,-2000.0,stop_loss
CVX,2025-11-10,2025-11-12,2,151.06,148.03,-2.0,-2000.0,stop_loss
GOOGL,2025-11-10,2025-11-12,2,289.53,283.74,-2.0,-2000.0,stop_loss
LLY,2025-11-10,2025-11-12,2,961.96,1010.06,5.0,5000.0,profit_target
TSLA,2025-11-10,2025-11-11,1,445.23,436.33,-2.0,-2000.0,stop_loss
NVDA,2025-11-11,2025-11-13,2,193.14,189.28,-2.0,-2000.0,stop_loss
XOM,2025-11-11,2025-11-19,8,117.16,114.82,-2.0,-2000.0,stop_loss
AVGO,2025-11-12,2025-11-13,1,353.24,346.18,-2.0,-2000.0,stop_loss
BAC,2025-11-13,2025-11-17,4,52.3,51.25,-2.0,-2000.0,stop_loss
CVX,2025-11-13,2025-11-17,4,150.99,150.25,-0.49,-488.49,below_ma50
GOOGL,2025-11-13,2025-11-14,1,278.03,272.47,-2.0,-2000.0,stop_loss
GS,2025-11-13,2025-11-14,1,797.33,781.38,-2.0,-2000.0,stop_loss
JPM,2025-11-13,2025-11-14,1,305.15,299.04,-2.0,-2000.0,stop_loss
LLY,2025-11-13,2025-11-17,4,1017.92,997.56,-2.0,-2000.0,stop_loss
AMZN,2025-11-14,2025-11-17,3,234.69,230.0,-2.0,-2000.0,stop_loss
CAT,2025-11-14,2025-11-18,4,551.69,540.65,-2.0,-2000.0,stop_loss
AVGO,2025-11-25,2025-12-03,8,382.88,375.23,-2.0,-2000.0,stop_loss
BAC,2025-11-25,2025-12-05,10,51.92,54.51,5.0,5000.0,profit_target
GOOGL,2025-11-25,2025-11-26,1,322.81,316.35,-2.0,-2000.0,stop_loss
GS,2025-11-25,2025-12-04,9,794.18,833.89,5.0,5000.0,profit_target
LLY,2025-11-25,2025-11-28,3,1106.19,1084.06,-2.0,-2000.0,stop_loss
PEP,2025-11-25,2025-12-05,10,143.41,143.74,0.22,224.8,below_ma50
WMT,2025-11-25,2025-12-02,7,106.36,111.68,5.0,5000.0,profit_target
XOM,2025-11-25,2025-12-09,14,112.98,118.63,5.0,5000.0,profit_target
CAT,2025-11-26,2025-12-03,7,571.3,559.88,-2.0,-2000.0,stop_loss
GOOGL,2025-11-28,2025-12-08,10,319.55,313.16,-2.0,-2000.0,stop_loss
LLY,2025-12-01,2025-12-03,2,1054.31,1033.23,-2.0,-2000.0,stop_loss
COST,2025-12-02,2025-12-04,2,919.44,901.05,-2.0,-2000.0,stop_loss
AAPL,2025-12-03,2025-12-05,2,283.62,277.95,-2.0,-2000.0,stop_loss
TSLA,2025-12-03,2025-12-08,5,446.74,437.81,-2.0,-2000.0,stop_loss
WMT,2025-12-03,2025-12-23,20,113.73,111.45,-2.0,-2000.0,stop_loss
AVGO,2025-12-04,2025-12-08,4,378.91,397.85,5.0,5000.0,profit_target
CAT,2025-12-04,2025-12-16,12,596.62,584.68,-2.0,-2000.0,stop_loss
CRM,2025-12-04,2025-12-05,1,245.81,258.1,5.0,5000.0,profit_target
JPM,2025-12-04,2025-12-09,5,311.67,305.44,-2.0,-2000.0,stop_loss
GS,2025-12-05,2025-12-11,6,850.09,892.59,5.0,5000.0,profit_target
AAPL,2025-12-08,2025-12-16,8,277.37,271.83,-2.0,-2000.0,stop_loss
BAC,2025-12-08,2026-01-05,28,53.6,56.28,5.0,5000.0,profit_target
CRM,2025-12-08,2025-12-15,7,257.8,252.64,-2.0,-2000.0,stop_loss
AVGO,2025-12-09,2025-12-11,2,404.03,395.95,-2.0,-2000.0,stop_loss
GOOGL,2025-12-09,2025-12-11,2,316.67,310.33,-2.0,-2000.0,stop_loss
TSLA,2025-12-09,2025-12-15,6,445.17,467.43,5.0,5000.0,profit_target
AMZN,2025-12-10,2025-12-12,2,231.78,227.14,-2.0,-2000.0,stop_loss
JPM,2025-12-10,2025-12-23,13,305.77,321.06,5.0,5000.0,profit_target
PEP,2025-12-10,2025-12-22,12,148.37,145.41,-2.0,-2000.0,stop_loss
XOM,2025-12-10,2025-12-15,5,117.95,115.59,-2.0,-2000.0,stop_loss
V,2025-12-11,2026-01-12,32,344.21,337.32,-2.0,-2000.0,stop_loss
GOOGL,2025-12-12,2025-12-16,4,308.89,302.71,-2.0,-2000.0,stop_loss
GS,2025-12-12,2025-12-17,5,883.31,865.65,-2.0,-2000.0,stop_loss
UNH,2025-12-12,2025-12-16,4,337.28,330.53,-2.0,-2000.0,stop_loss
CRM,2025-12-16,2025-12-26,10,253.21,265.87,5.0,5000.0,profit_target
TSLA,2025-12-16,2025-12-17,1,489.88,480.08,-2.0,-2000.0,stop_loss
GS,2025-12-18,2026-01-05,18,871.71,915.3,5.0,5000.0,profit_target
META,2025-12-18,2025-12-19,1,663.27,657.6,-0.85,-854.84,below_ma50
TSLA,2025-12-18,2025-12-29,11,483.37,473.7,-2.0,-2000.0,stop_loss
XOM,2025-12-18,2026-01-02,15,114.99,120.74,5.0,5000.0,profit_target
CAT,2025-12-19,2026-01-05,17,573.78,602.47,5.0,5000.0,profit_target
LLY,2025-12-19,2026-01-05,17,1067.82,1046.46,-2.0,-2000.0,stop_loss
META,2025-12-22,2026-01-02,11,660.32,647.12,-2.0,-2000.0,stop_loss
NVDA,2025-12-23,2026-01-08,16,189.2,185.42,-2.0,-2000.0,stop_loss
AMZN,2025-12-24,2025-12-31,7,232.38,230.82,-0.67,-671.31,below_ma50
JPM,2025-12-24,2025-12-30,6,324.56,318.07,-2.0,-2000.0,stop_loss
CRM,2025-12-29,2026-01-02,4,264.88,259.58,-2.0,-2000.0,stop_loss
CVX,2025-12-30,2026-01-05,6,149.47,156.94,5.0,5000.0,profit_target
TSLA,2025-12-30,2026-01-02,3,454.43,445.34,-2.0,-2000.0,stop_loss
JPM,2025-12-31,2026-01-13,13,317.71,311.35,-2.0,-2000.0,stop_loss
GOOGL,2026-01-02,2026-01-12,10,314.74,330.48,5.0,5000.0,profit_target
AMZN,2026-01-05,2026-01-07,2,233.06,244.71,5.0,5000.0,profit_target
META,2026-01-05,2026-01-07,2,657.62,644.46,-2.0,-2000.0,stop_loss
UNH,2026-01-05,2026-01-12,7,337.45,330.71,-2.0,-2000.0,stop_loss
XOM,2026-01-05,2026-01-06,1,123.69,121.22,-2.0,-2000.0,stop_loss
BAC,2026-01-06,2026-01-07,1,56.93,55.79,-2.0,-2000.0,stop_loss
CAT,2026-01-06,2026-01-07,1,620.45,608.05,-2.0,-2000.0,stop_loss
CRM,2026-01-06,2026-01-09,3,261.57,256.34,-2.0,-2000.0,stop_loss
CVX,2026-01-06,2026-01-13,7,153.62,161.3,5.0,5000.0,profit_target
GS,2026-01-06,2026-01-07,1,950.47,931.46,-2.0,-2000.0,stop_loss
LLY,2026-01-06,2026-01-07,1,1060.44,1113.46,5.0,5000.0,profit_target
XOM,2026-01-07,2026-01-09,2,116.91,122.76,5.0,5000.0,profit_target
AMZN,2026-01-08,2026-01-13,5,246.29,241.36,-2.0,-2000.0,stop_loss
BAC,2026-01-08,2026-01-12,4,55.86,54.75,-2.0,-2000.0,stop_loss
CAT,2026-01-08,2026-01-13,5,605.56,635.84,5.0,5000.0,profit_target
COST,2026-01-08,2026-01-16,8,912.74,958.37,5.0,5000.0,profit_target
GS,2026-01-08,2026-01-16,8,929.94,976.43,5.0,5000.0,profit_target
HD,2026-01-08,2026-01-13,5,357.17,375.03,5.0,5000.0,profit_target
LLY,2026-01-08,2026-01-09,1,1081.52,1059.89,-2.0,-2000.0,stop_loss
LLY,2026-01-12,2026-01-15,3,1077.34,1055.8,-2.0,-2000.0,stop_loss
WMT,2026-01-12,2026-01-27,15,117.5,115.15,-2.0,-2000.0,stop_loss
XOM,2026-01-12,2026-01-14,2,122.38,128.5,5.0,5000.0,profit_target
GOOGL,2026-01-13,2026-01-16,3,335.53,328.82,-2.0,-2000.0,stop_loss
NVDA,2026-01-13,2026-01-14,1,185.8,182.08,-2.0,-2000.0,stop_loss
UNH,2026-01-13,2026-01-20,7,329.47,322.88,-2.0,-2000.0,stop_loss
AMZN,2026-01-14,2026-01-20,6,236.65,231.92,-2.0,-2000.0,stop_loss
CAT,2026-01-14,2026-01-23,9,636.05,623.33,-2.0,-2000.0,stop_loss
CVX,2026-01-14,2026-01-30,16,164.12,172.32,5.0,5000.0,profit_target
HD,2026-01-14,2026-02-02,19,373.45,365.98,-2.0,-2000.0,stop_loss
PEP,2026-01-14,2026-01-22,8,144.63,143.12,-1.04,-1041.67,below_ma50
XOM,2026-01-15,2026-01-23,8,127.41,133.78,5.0,5000.0,profit_target
COST,2026-01-21,2026-01-27,6,980.1,960.49,-2.0,-2000.0,stop_loss
GOOGL,2026-01-21,2026-02-02,12,327.95,344.35,5.0,5000.0,profit_target
GS,2026-01-21,2026-01-23,2,948.02,929.06,-2.0,-2000.0,stop_loss
UNH,2026-01-21,2026-01-27,6,343.11,336.25,-2.0,-2000.0,stop_loss
AMZN,2026-01-22,2026-01-28,6,234.34,246.06,5.0,5000.0,profit_target
LLY,2026-01-22,2026-01-23,1,1083.7,1062.03,-2.0,-2000.0,stop_loss
META,2026-01-23,2026-01-29,6,657.59,690.47,5.0,5000.0,profit_target
TSLA,2026-01-23,2026-01-26,3,449.06,440.08,-2.0,-2000.0,stop_loss
CAT,2026-01-26,2026-01-29,3,634.71,666.45,5.0,5000.0,profit_target
LLY,2026-01-26,2026-01-27,1,1059.16,1037.97,-2.0,-2000.0,stop_loss
PEP,2026-01-26,2026-01-30,4,144.58,151.81,5.0,5000.0,profit_target
XOM,2026-01-26,2026-01-29,3,133.04,139.7,5.0,5000.0,profit_target
MSFT,2026-01-27,2026-01-29,2,478.45,468.88,-2.0,-2000.0,stop_loss
NVDA,2026-01-27,2026-02-03,7,188.51,184.74,-2.0,-2000.0,stop_loss
COST,2026-01-28,2026-01-30,2,958.08,938.92,-2.0,-2000.0,stop_loss
WMT,2026-01-28,2026-02-02,5,116.11,121.92,5.0,5000.0,profit_target
GS,2026-01-29,2026-02-02,4,935.2,916.49,-2.0,-2000.0,stop_loss
CAT,2026-01-30,2026-02-02,3,656.11,688.92,5.0,5000.0,profit_target
META,2026-01-30,2026-02-03,4,715.22,700.92,-2.0,-2000.0,stop_loss
XOM,2026-01-30,2026-02-02,3,139.52,136.73,-2.0,-2000.0,stop_loss
AAPL,2026-02-02,2026-02-12,10,269.51,264.12,-2.0,-2000.0,stop_loss
COST,2026-02-02,2026-02-13,11,966.96,1015.3,5.0,5000.0,profit_target
CVX,2026-02-02,2026-02-09,7,170.78,179.32,5.0,5000.0,profit_target
PEP,2026-02-02,2026-02-03,1,153.83,161.52,5.0,5000.0,profit_target
CAT,2026-02-03,2026-02-04,1,701.55,687.52,-2.0,-2000.0,stop_loss
GOOGL,2026-02-03,2026-02-04,1,339.27,332.48,-2.0,-2000.0,stop_loss
GS,2026-02-03,2026-02-04,1,934.07,915.39,-2.0,-2000.0,stop_loss
HD,2026-02-03,2026-02-23,20,378.57,371.0,-2.0,-2000.0,stop_loss
JPM,2026-02-03,2026-02-05,2,311.84,305.61,-2.0,-2000.0,stop_loss
WMT,2026-02-03,2026-02-12,9,127.21,133.57,5.0,5000.0,profit_target
XOM,2026-02-03,2026-02-09,6,141.82,148.91,5.0,5000.0,profit_target
BAC,2026-02-04,2026-02-05,1,55.07,53.97,-2.0,-2000.0,stop_loss
LLY,2026-02-04,2026-02-05,1,1103.38,1081.31,-2.0,-2000.0,stop_loss
META,2026-02-04,2026-02-05,1,667.8,654.44,-2.0,-2000.0,stop_loss
PEP,2026-02-04,2026-02-17,13,164.71,161.41,-2.0,-2000.0,stop_loss
BAC,2026-02-06,2026-02-10,4,56.21,55.09,-2.0,-2000.0,stop_loss
CAT,2026-02-06,2026-02-11,5,724.82,761.06,5.0,5000.0,profit_target
JPM,2026-02-06,2026-02-10,4,319.32,312.93,-2.0,-2000.0,stop_loss
LLY,2026-02-06,2026-02-09,3,1054.6,1041.14,-1.28,-1276.72,below_ma50
META,2026-02-06,2026-02-12,6,660.28,647.08,-2.0,-2000.0,stop_loss
GOOGL,2026-02-09,2026-02-10,1,323.9,317.42,-2.0,-2000.0,stop_loss
GS,2026-02-09,2026-02-12,3,938.68,919.91,-2.0,-2000.0,stop_loss
NVDA,2026-02-09,2026-02-13,4,190.03,186.23,-2.0,-2000.0,stop_loss
CVX,2026-02-10,2026-03-02,20,178.86,187.8,5.0,5000.0,profit_target
XOM,2026-02-10,2026-02-17,7,149.57,146.58,-2.0,-2000.0,stop_loss
CAT,2026-02-20,2026-02-26,6,758.3,743.13,-2.0,-2000.0,stop_loss
COST,2026-02-20,2026-03-06,14,983.84,964.17,-2.0,-2000.0,stop_loss
PEP,2026-02-20,2026-03-05,13,163.48,160.21,-2.0,-2000.0,stop_loss
WMT,2026-02-20,2026-03-18,26,122.5,121.5,-0.82,-821.21,below_ma50
XOM,2026-02-20,2026-03-02,10,146.29,153.6,5.0,5000.0,profit_target
AAPL,2026-02-24,2026-02-27,3,271.89,266.45,-2.0,-2000.0,stop_loss
HD,2026-02-24,2026-02-25,1,381.93,374.29,-2.0,-2000.0,stop_loss
NVDA,2026-02-24,2026-02-26,2,192.84,188.98,-2.0,-2000.0,stop_loss
GS,2026-02-26,2026-02-27,1,924.14,905.65,-2.0,-2000.0,stop_loss
AMZN,2026-04-08,2026-04-09,1,221.25,232.31,5.0,5000.0,profit_target
AVGO,2026-04-08,2026-04-10,2,350.08,367.58,5.0,5000.0,profit_target
BAC,2026-04-08,2026-04-15,7,51.88,54.47,5.0,5000.0,profit_target
CAT,2026-04-08,2026-04-16,8,770.11,754.71,-2.0,-2000.0,stop_loss
COST,2026-04-08,2026-04-10,2,1028.78,1008.2,-2.0,-2000.0,stop_loss
GOOGL,2026-04-08,2026-04-14,6,317.13,332.99,5.0,5000.0,profit_target
GS,2026-04-08,2026-04-13,5,905.75,887.63,-2.0,-2000.0,stop_loss
JPM,2026-04-08,2026-05-08,30,306.59,300.46,-2.0,-2000.0,stop_loss
NFLX,2026-04-08,2026-04-14,6,99.39,104.36,5.0,5000.0,profit_target
UNH,2026-04-08,2026-04-17,9,304.24,319.45,5.0,5000.0,profit_target
WMT,2026-04-08,2026-04-13,5,127.02,124.48,-2.0,-2000.0,stop_loss
NVDA,2026-04-09,2026-04-14,5,183.91,193.11,5.0,5000.0,profit_target
AMZN,2026-04-10,2026-04-14,4,238.38,250.3,5.0,5000.0,profit_target
AVGO,2026-04-13,2026-04-16,3,379.15,398.11,5.0,5000.0,profit_target
META,2026-04-13,2026-04-14,1,633.94,665.64,5.0,5000.0,profit_target
ORCL,2026-04-13,2026-04-14,1,155.62,163.4,5.0,5000.0,profit_target
GS,2026-04-14,2026-05-13,29,909.63,955.11,5.0,5000.0,profit_target
MSFT,2026-04-14,2026-04-15,1,392.26,411.87,5.0,5000.0,profit_target
AAPL,2026-04-15,2026-05-01,16,266.18,279.49,5.0,5000.0,profit_target
AMZN,2026-04-15,2026-04-24,9,248.5,260.93,5.0,5000.0,profit_target
GOOGL,2026-04-15,2026-04-29,14,336.92,353.76,5.0,5000.0,profit_target
META,2026-04-15,2026-04-23,8,670.96,657.54,-2.0,-2000.0,stop_loss
NFLX,2026-04-15,2026-04-17,2,107.71,105.56,-2.0,-2000.0,stop_loss
NVDA,2026-04-15,2026-04-24,9,198.87,208.81,5.0,5000.0,profit_target
ORCL,2026-04-15,2026-04-16,1,169.81,178.3,5.0,5000.0,profit_target
TSLA,2026-04-15,2026-04-16,1,391.95,384.11,-2.0,-2000.0,stop_loss
V,2026-04-15,2026-04-21,6,315.26,308.95,-2.0,-2000.0,stop_loss
BAC,2026-04-16,2026-04-23,7,53.51,52.44,-2.0,-2000.0,stop_loss
MSFT,2026-04-16,2026-04-23,7,419.35,410.96,-2.0,-2000.0,stop_loss
AVGO,2026-04-17,2026-04-20,3,405.9,397.78,-2.0,-2000.0,stop_loss
CAT,2026-04-17,2026-04-23,6,793.14,832.8,5.0,5000.0,profit_target
COST,2026-04-17,2026-04-28,11,998.44,992.56,-0.59,-589.07,below_ma50
ORCL,2026-04-17,2026-04-21,4,175.06,183.81,5.0,5000.0,profit_target
TSLA,2026-04-17,2026-04-20,3,400.62,392.61,-2.0,-2000.0,stop_loss
WMT,2026-04-17,2026-05-15,28,127.26,133.62,5.0,5000.0,profit_target
NFLX,2026-04-20,2026-04-21,1,94.83,92.93,-2.0,-2000.0,stop_loss
UNH,2026-04-20,2026-04-21,1,321.64,337.73,5.0,5000.0,profit_target
AVGO,2026-04-21,2026-04-22,1,401.53,421.61,5.0,5000.0,profit_target
CRM,2026-04-22,2026-04-23,1,189.31,185.53,-2.0,-2000.0,stop_loss
ORCL,2026-04-22,2026-04-23,1,187.5,183.75,-2.0,-2000.0,stop_loss
UNH,2026-04-22,2026-04-30,8,351.51,369.09,5.0,5000.0,profit_target
V,2026-04-22,2026-04-23,1,310.65,304.43,-2.0,-2000.0,stop_loss
AVGO,2026-04-23,2026-04-24,1,419.28,410.89,-2.0,-2000.0,stop_loss
BAC,2026-04-24,2026-05-11,17,52.05,51.01,-2.0,-2000.0,stop_loss
CAT,2026-04-24,2026-04-28,4,830.79,814.17,-2.0,-2000.0,stop_loss
META,2026-04-24,2026-04-30,6,674.4,660.92,-2.0,-2000.0,stop_loss
MSFT,2026-04-24,2026-04-30,6,423.7,415.23,-2.0,-2000.0,stop_loss
ORCL,2026-04-24,2026-04-27,3,173.28,169.81,-2.0,-2000.0,stop_loss
AMZN,2026-04-27,2026-05-04,7,261.12,274.18,5.0,5000.0,profit_target
AVGO,2026-04-27,2026-04-28,1,417.54,409.19,-2.0,-2000.0,stop_loss
NVDA,2026-04-27,2026-04-28,1,216.61,212.28,-2.0,-2000.0,stop_loss
ORCL,2026-04-28,2026-04-29,1,165.96,162.64,-2.0,-2000.0,stop_loss
AVGO,2026-04-29,2026-05-05,6,404.81,425.05,5.0,5000.0,profit_target
CAT,2026-04-29,2026-04-30,1,810.05,850.55,5.0,5000.0,profit_target
NVDA,2026-04-29,2026-04-30,1,209.25,205.06,-2.0,-2000.0,stop_loss
V,2026-04-29,2026-04-30,1,334.17,327.48,-2.0,-2000.0,stop_loss
COST,2026-04-30,2026-05-06,6,1013.06,992.8,-2.0,-2000.0,stop_loss
CVX,2026-04-30,2026-05-01,1,191.56,188.9,-1.39,-1386.37,below_ma50
GOOGL,2026-04-30,2026-05-18,18,384.57,403.8,5.0,5000.0,profit_target
ORCL,2026-04-30,2026-05-01,1,161.39,169.46,5.0,5000.0,profit_target
PEP,2026-04-30,2026-05-01,1,158.49,157.41,-0.68,-681.43,below_ma50
CAT,2026-05-01,2026-05-04,3,889.67,871.88,-2.0,-2000.0,stop_loss
LLY,2026-05-01,2026-05-11,10,961.67,942.44,-2.0,-2000.0,stop_loss
MSFT,2026-05-01,2026-05-06,5,413.54,405.27,-2.0,-2000.0,stop_loss
NVDA,2026-05-01,2026-05-07,6,198.45,208.37,5.0,5000.0,profit_target
TSLA,2026-05-01,2026-05-07,6,390.82,410.36,5.0,5000.0,profit_target
UNH,2026-05-01,2026-05-06,5,366.69,359.35,-2.0,-2000.0,stop_loss
V,2026-05-01,2026-05-05,4,327.35,320.8,-2.0,-2000.0,stop_loss
AAPL,2026-05-04,2026-05-07,3,276.58,290.4,5.0,5000.0,profit_target
ORCL,2026-05-04,2026-05-06,2,180.29,189.3,5.0,5000.0,profit_target
AMZN,2026-05-05,2026-05-12,7,273.55,268.08,-2.0,-2000.0,stop_loss
CAT,2026-05-05,2026-05-15,10,904.59,886.5,-2.0,-2000.0,stop_loss
CRM,2026-05-05,2026-05-06,1,186.51,182.78,-2.0,-2000.0,stop_loss
AVGO,2026-05-06,2026-05-07,1,424.77,416.27,-2.0,-2000.0,stop_loss
V,2026-05-06,2026-05-19,13,318.14,334.05,5.0,5000.0,profit_target
COST,2026-05-07,2026-05-11,4,1012.06,991.82,-2.0,-2000.0,stop_loss
ORCL,2026-05-07,2026-05-08,1,194.59,190.7,-2.0,-2000.0,stop_loss
UNH,2026-05-07,2026-05-12,5,367.64,386.02,5.0,5000.0,profit_target
AAPL,2026-05-08,2026-05-22,14,293.05,307.7,5.0,5000.0,profit_target
AVGO,2026-05-08,2026-05-12,4,429.32,420.73,-2.0,-2000.0,stop_loss
NVDA,2026-05-08,2026-05-13,5,215.2,225.96,5.0,5000.0,profit_target
TSLA,2026-05-08,2026-05-11,3,428.35,419.78,-2.0,-2000.0,stop_loss
ORCL,2026-05-11,2026-05-12,1,193.84,189.96,-2.0,-2000.0,stop_loss
COST,2026-05-12,2026-05-18,6,1021.88,1072.97,5.0,5000.0,profit_target
LLY,2026-05-12,2026-05-20,8,988.17,1037.58,5.0,5000.0,profit_target
TSLA,2026-05-12,2026-05-15,3,433.45,424.78,-2.0,-2000.0,stop_loss
AMZN,2026-05-13,2026-05-15,2,270.13,264.73,-2.0,-2000.0,stop_loss
ORCL,2026-05-13,2026-05-14,1,189.76,185.96,-2.0,-2000.0,stop_loss
UNH,2026-05-13,2026-05-15,2,398.88,390.9,-2.0,-2000.0,stop_loss
AVGO,2026-05-14,2026-05-15,1,439.1,430.31,-2.0,-2000.0,stop_loss
GS,2026-05-14,2026-05-15,1,968.96,949.58,-2.0,-2000.0,stop_loss
NVDA,2026-05-14,2026-05-15,1,235.74,231.03,-2.0,-2000.0,stop_loss
ORCL,2026-05-15,2026-05-18,3,192.95,189.09,-2.0,-2000.0,stop_loss
XOM,2026-05-15,2026-05-21,6,157.92,154.76,-2.0,-2000.0,stop_loss
AMZN,2026-05-18,2026-05-19,1,264.86,259.56,-2.0,-2000.0,stop_loss
AVGO,2026-05-18,2026-05-19,1,420.05,411.64,-2.0,-2000.0,stop_loss
CAT,2026-05-18,2026-05-19,1,863.95,846.67,-2.0,-2000.0,stop_loss
CVX,2026-05-18,2026-05-20,2,194.34,191.33,-1.55,-1548.83,below_ma50
GS,2026-05-18,2026-05-19,1,946.36,927.43,-2.0,-2000.0,stop_loss
NOW,2026-05-18,2026-05-19,1,103.42,101.35,-2.0,-2000.0,stop_loss
NVDA,2026-05-18,2026-05-22,4,222.32,217.87,-2.0,-2000.0,stop_loss
TSLA,2026-05-18,2026-05-19,1,409.99,401.79,-2.0,-2000.0,stop_loss
UNH,2026-05-18,2026-05-20,2,388.91,381.13,-2.0,-2000.0,stop_loss
WMT,2026-05-18,2026-05-20,2,133.34,130.67,-2.0,-2000.0,stop_loss
COST,2026-05-19,2026-05-20,1,1094.32,1072.43,-2.0,-2000.0,stop_loss
GOOGL,2026-05-19,2026-05-29,10,387.43,379.68,-2.0,-2000.0,stop_loss
ORCL,2026-05-19,2026-05-21,2,181.46,190.53,5.0,5000.0,profit_target
AVGO,2026-05-20,2026-05-29,9,417.1,437.95,5.0,5000.0,profit_target
GS,2026-05-20,2026-06-01,12,982.12,1031.23,5.0,5000.0,profit_target
MSFT,2026-05-20,2026-05-27,7,420.15,411.75,-2.0,-2000.0,stop_loss
NOW,2026-05-20,2026-05-21,1,103.3,101.23,-2.0,-2000.0,stop_loss
TSLA,2026-05-20,2026-05-27,7,417.26,438.12,5.0,5000.0,profit_target
V,2026-05-20,2026-05-28,8,330.75,324.13,-2.0,-2000.0,stop_loss
AMZN,2026-05-21,2026-05-26,5,268.46,263.09,-2.0,-2000.0,stop_loss
COST,2026-05-21,2026-05-22,1,1050.45,1029.44,-2.0,-2000.0,stop_loss
LLY,2026-05-21,2026-05-28,7,1041.65,1093.73,5.0,5000.0,profit_target
UNH,2026-05-21,2026-06-02,12,380.31,372.7,-2.0,-2000.0,stop_loss
CAT,2026-05-22,2026-06-01,10,879.89,862.29,-2.0,-2000.0,stop_loss
NOW,2026-05-22,2026-05-26,4,102.13,100.09,-2.0,-2000.0,stop_loss
ORCL,2026-05-22,2026-05-27,5,192.08,188.24,-2.0,-2000.0,stop_loss
XOM,2026-05-22,2026-05-26,4,154.92,151.82,-2.0,-2000.0,stop_loss
AAPL,2026-05-26,2026-06-08,13,308.33,302.16,-2.0,-2000.0,stop_loss
NVDA,2026-05-26,2026-05-27,1,214.86,210.56,-2.0,-2000.0,stop_loss
META,2026-05-27,2026-06-01,5,634.67,621.98,-2.0,-2000.0,stop_loss
NOW,2026-05-27,2026-05-28,1,102.12,107.23,5.0,5000.0,profit_target
AMZN,2026-05-28,2026-06-01,4,274.0,268.52,-2.0,-2000.0,stop_loss
MSFT,2026-05-28,2026-05-29,1,426.99,448.34,5.0,5000.0,profit_target
NVDA,2026-05-28,2026-06-02,5,214.25,224.96,5.0,5000.0,profit_target
ORCL,2026-05-28,2026-05-29,1,203.7,213.88,5.0,5000.0,profit_target
TSLA,2026-05-28,2026-05-29,1,442.1,433.26,-2.0,-2000.0,stop_loss
BAC,2026-05-29,2026-06-04,6,51.6,54.18,5.0,5000.0,profit_target
CRM,2026-05-29,2026-06-01,3,190.61,200.14,5.0,5000.0,profit_target
LLY,2026-05-29,2026-06-01,3,1105.0,1082.9,-2.0,-2000.0,stop_loss
NOW,2026-05-29,2026-06-01,3,124.37,130.59,5.0,5000.0,profit_target
V,2026-05-29,2026-06-01,3,326.36,319.83,-2.0,-2000.0,stop_loss
AVGO,2026-06-01,2026-06-02,1,459.24,482.21,5.0,5000.0,profit_target
MSFT,2026-06-01,2026-06-02,1,460.52,451.31,-2.0,-2000.0,stop_loss
ORCL,2026-06-01,2026-06-02,1,248.15,243.19,-2.0,-2000.0,stop_loss
CRM,2026-06-02,2026-06-03,1,200.32,196.32,-2.0,-2000.0,stop_loss
GS,2026-06-02,2026-06-03,1,1064.58,1043.29,-2.0,-2000.0,stop_loss
LLY,2026-06-02,2026-06-04,2,1064.15,1117.36,5.0,5000.0,profit_target
NOW,2026-06-02,2026-06-03,1,127.65,125.1,-2.0,-2000.0,stop_loss
AVGO,2026-06-03,2026-06-04,1,478.47,468.9,-2.0,-2000.0,stop_loss
CAT,2026-06-03,2026-06-04,1,926.18,907.66,-2.0,-2000.0,stop_loss
META,2026-06-03,2026-06-05,2,622.4,609.96,-2.0,-2000.0,stop_loss
MSFT,2026-06-03,2026-06-05,2,427.34,418.79,-2.0,-2000.0,stop_loss
ORCL,2026-06-03,2026-06-04,1,230.33,225.72,-2.0,-2000.0,stop_loss
CRM,2026-06-04,2026-06-05,1,188.26,184.5,-2.0,-2000.0,stop_loss
GS,2026-06-04,2026-06-05,1,1092.61,1070.76,-2.0,-2000.0,stop_loss
JPM,2026-06-04,2026-06-16,12,309.5,324.97,5.0,5000.0,profit_target
NOW,2026-06-04,2026-06-05,1,119.36,116.97,-2.0,-2000.0,stop_loss
BAC,2026-06-05,2026-06-15,10,53.83,56.52,5.0,5000.0,profit_target
CAT,2026-06-05,2026-06-09,4,904.28,886.19,-2.0,-2000.0,stop_loss
LLY,2026-06-05,2026-06-17,12,1131.42,1108.79,-2.0,-2000.0,stop_loss
ORCL,2026-06-05,2026-06-08,3,213.68,209.41,-2.0,-2000.0,stop_loss
UNH,2026-06-05,2026-06-25,20,397.2,417.06,5.0,5000.0,profit_target
CRM,2026-06-08,2026-06-09,1,182.08,178.44,-2.0,-2000.0,stop_loss
GS,2026-06-08,2026-06-09,1,1045.0,1024.1,-2.0,-2000.0,stop_loss
NOW,2026-06-08,2026-06-09,1,114.19,111.91,-2.0,-2000.0,stop_loss
ORCL,2026-06-09,2026-06-10,1,205.81,201.69,-2.0,-2000.0,stop_loss
GS,2026-06-10,2026-06-12,2,1001.29,1051.35,5.0,5000.0,profit_target
NOW,2026-06-10,2026-06-11,1,106.06,103.94,-2.0,-2000.0,stop_loss
CAT,2026-06-11,2026-06-15,4,897.63,942.51,5.0,5000.0,profit_target
HD,2026-06-11,2026-06-24,13,326.01,342.31,5.0,5000.0,profit_target
NOW,2026-06-12,2026-06-17,5,102.15,100.11,-2.0,-2000.0,stop_loss
GS,2026-06-15,2026-06-26,11,1076.17,1054.65,-2.0,-2000.0,stop_loss
BAC,2026-06-16,2026-07-06,20,56.84,59.68,5.0,5000.0,profit_target
CAT,2026-06-16,2026-06-18,2,945.46,992.73,5.0,5000.0,profit_target
V,2026-06-16,2026-06-22,6,333.12,326.46,-2.0,-2000.0,stop_loss
JPM,2026-06-17,2026-06-18,1,331.96,325.33,-2.0,-2000.0,stop_loss
CAT,2026-06-22,2026-06-23,1,1022.28,1001.83,-2.0,-2000.0,stop_loss
LLY,2026-06-22,2026-06-23,1,1102.08,1080.04,-2.0,-2000.0,stop_loss
V,2026-06-23,2026-06-29,6,328.48,344.9,5.0,5000.0,profit_target
CAT,2026-06-24,2026-06-25,1,994.45,1044.17,5.0,5000.0,profit_target
LLY,2026-06-24,2026-06-26,2,1117.26,1173.12,5.0,5000.0,profit_target
HD,2026-06-25,2026-07-08,13,345.0,338.1,-2.0,-2000.0,stop_loss
CAT,2026-06-29,2026-07-01,2,1033.19,1012.53,-2.0,-2000.0,stop_loss
LLY,2026-06-29,2026-06-30,1,1229.93,1205.33,-2.0,-2000.0,stop_loss
TSLA,2026-06-29,2026-07-01,2,411.84,432.43,5.0,5000.0,profit_target
V,2026-06-30,2026-07-02,2,343.09,360.24,5.0,5000.0,profit_target
AAPL,2026-07-01,2026-07-02,1,294.38,309.1,5.0,5000.0,profit_target
META,2026-07-01,2026-07-02,1,612.91,600.65,-2.0,-2000.0,stop_loss
CAT,2026-07-02,2026-07-07,5,963.53,944.26,-2.0,-2000.0,stop_loss
NOW,2026-07-02,2026-07-06,4,106.32,104.19,-2.0,-2000.0,stop_loss
TSLA,2026-07-06,2026-07-07,1,419.77,411.37,-2.0,-2000.0,stop_loss
V,2026-07-06,2026-07-07,1,357.25,350.11,-2.0,-2000.0,stop_loss
BAC,2026-07-07,2026-07-08,1,59.86,58.66,-2.0,-2000.0,stop_loss
META,2026-07-07,2026-07-08,1,615.58,603.27,-2.0,-2000.0,stop_loss
NOW,2026-07-07,2026-07-08,1,110.73,108.52,-2.0,-2000.0,stop_loss
